FullDate,Year,Month,Day,DayOfWeek,DayType
1900-01-01,,,,NULL_DATE,UNKNOWN
2023-04-01,2023,4,1,Saturday,Weekend
2023-04-02,2023,4,2,Sunday,Weekend
2023-04-03,2023,4,3,Monday,Weekday
2023-04-04,2023,4,4,Tuesday,Weekday
2023-04-05,2023,4,5,Wednesday,Weekday
2023-04-06,2023,4,6,Thursday,Weekday
2023-04-07,2023,4,7,Friday,Weekday
2023-04-08,2023,4,8,Saturday,Weekend
2023-04-09,2023,4,9,Sunday,Weekend
2023-04-10,2023,4,10,Monday,Weekday
2023-04-11,2023,4,11,Tuesday,Weekday
2023-04-12,2023,4,12,Wednesday,Weekday
2023-04-13,2023,4,13,Thursday,Weekday
2023-04-14,2023,4,14,Friday,Weekday
2023-04-15,2023,4,15,Saturday,Weekend
2023-04-16,2023,4,16,Sunday,Weekend
2023-04-17,2023,4,17,Monday,Weekday
2023-04-18,2023,4,18,Tuesday,Weekday
2023-04-19,2023,4,19,Wednesday,Weekday
2023-04-20,2023,4,20,Thursday,Weekday
2023-04-21,2023,4,21,Friday,Weekday
2023-04-22,2023,4,22,Saturday,Weekend
2023-04-23,2023,4,23,Sunday,Weekend
2023-04-24,2023,4,24,Monday,Weekday
2023-04-25,2023,4,25,Tuesday,Weekday
2023-04-26,2023,4,26,Wednesday,Weekday
2023-04-27,2023,4,27,Thursday,Weekday
2023-04-28,2023,4,28,Friday,Weekday
2023-04-29,2023,4,29,Saturday,Weekend
2023-04-30,2023,4,30,Sunday,Weekend
2023-05-01,2023,5,1,Monday,Weekday
2023-05-02,2023,5,2,Tuesday,Weekday
2023-05-03,2023,5,3,Wednesday,Weekday
2023-05-04,2023,5,4,Thursday,Weekday
2023-05-05,2023,5,5,Friday,Weekday
2023-05-06,2023,5,6,Saturday,Weekend
2023-05-07,2023,5,7,Sunday,Weekend
2023-05-08,2023,5,8,Monday,Weekday
2023-05-09,2023,5,9,Tuesday,Weekday
2023-05-10,2023,5,10,Wednesday,Weekday
2023-05-11,2023,5,11,Thursday,Weekday
2023-05-12,2023,5,12,Friday,Weekday
2023-05-13,2023,5,13,Saturday,Weekend
2023-05-14,2023,5,14,Sunday,Weekend
2023-05-15,2023,5,15,Monday,Weekday
2023-05-16,2023,5,16,Tuesday,Weekday
2023-05-17,2023,5,17,Wednesday,Weekday
2023-05-18,2023,5,18,Thursday,Weekday
2023-05-19,2023,5,19,Friday,Weekday
2023-05-20,2023,5,20,Saturday,Weekend
2023-05-21,2023,5,21,Sunday,Weekend
2023-05-22,2023,5,22,Monday,Weekday
2023-05-23,2023,5,23,Tuesday,Weekday
2023-05-24,2023,5,24,Wednesday,Weekday
2023-05-25,2023,5,25,Thursday,Weekday
2023-05-26,2023,5,26,Friday,Weekday
2023-05-27,2023,5,27,Saturday,Weekend
2023-05-28,2023,5,28,Sunday,Weekend
2023-05-29,2023,5,29,Monday,Weekday
2023-05-30,2023,5,30,Tuesday,Weekday
2023-05-31,2023,5,31,Wednesday,Weekday
2023-06-01,2023,6,1,Thursday,Weekday
2023-06-02,2023,6,2,Friday,Weekday
2023-06-03,2023,6,3,Saturday,Weekend
2023-06-04,2023,6,4,Sunday,Weekend
2023-06-05,2023,6,5,Monday,Weekday
2023-06-06,2023,6,6,Tuesday,Weekday
2023-06-07,2023,6,7,Wednesday,Weekday
2023-06-08,2023,6,8,Thursday,Weekday
2023-06-09,2023,6,9,Friday,Weekday
2023-06-10,2023,6,10,Saturday,Weekend
2023-06-11,2023,6,11,Sunday,Weekend
2023-06-12,2023,6,12,Monday,Weekday
2023-06-13,2023,6,13,Tuesday,Weekday
2023-06-14,2023,6,14,Wednesday,Weekday
2023-06-15,2023,6,15,Thursday,Weekday
2023-06-16,2023,6,16,Friday,Weekday
2023-06-17,2023,6,17,Saturday,Weekend
2023-06-18,2023,6,18,Sunday,Weekend
2023-06-19,2023,6,19,Monday,Weekday
2023-06-20,2023,6,20,Tuesday,Weekday
2023-06-21,2023,6,21,Wednesday,Weekday
2023-06-22,2023,6,22,Thursday,Weekday
2023-06-23,2023,6,23,Friday,Weekday
2023-06-24,2023,6,24,Saturday,Weekend
2023-06-25,2023,6,25,Sunday,Weekend
2023-06-26,2023,6,26,Monday,Weekday
2023-06-27,2023,6,27,Tuesday,Weekday
2023-06-28,2023,6,28,Wednesday,Weekday
2023-06-29,2023,6,29,Thursday,Weekday
2023-06-30,2023,6,30,Friday,Weekday
2023-07-01,2023,7,1,Saturday,Weekend
2023-07-02,2023,7,2,Sunday,Weekend
2023-07-03,2023,7,3,Monday,Weekday
2023-07-04,2023,7,4,Tuesday,Weekday
2023-07-05,2023,7,5,Wednesday,Weekday
2023-07-06,2023,7,6,Thursday,Weekday
2023-07-07,2023,7,7,Friday,Weekday
2023-07-08,2023,7,8,Saturday,Weekend
2023-07-09,2023,7,9,Sunday,Weekend
2023-07-10,2023,7,10,Monday,Weekday
2023-07-11,2023,7,11,Tuesday,Weekday
2023-07-12,2023,7,12,Wednesday,Weekday
2023-07-13,2023,7,13,Thursday,Weekday
2023-07-14,2023,7,14,Friday,Weekday
2023-07-15,2023,7,15,Saturday,Weekend
2023-07-16,2023,7,16,Sunday,Weekend
2023-07-17,2023,7,17,Monday,Weekday
2023-07-18,2023,7,18,Tuesday,Weekday
2023-07-19,2023,7,19,Wednesday,Weekday
2023-07-20,2023,7,20,Thursday,Weekday
2023-07-21,2023,7,21,Friday,Weekday
2023-07-22,2023,7,22,Saturday,Weekend
2023-07-23,2023,7,23,Sunday,Weekend
2023-07-24,2023,7,24,Monday,Weekday
2023-07-25,2023,7,25,Tuesday,Weekday
2023-07-26,2023,7,26,Wednesday,Weekday
2023-07-27,2023,7,27,Thursday,Weekday
2023-07-28,2023,7,28,Friday,Weekday
2023-07-29,2023,7,29,Saturday,Weekend
2023-07-30,2023,7,30,Sunday,Weekend
2023-07-31,2023,7,31,Monday,Weekday
2023-08-01,2023,8,1,Tuesday,Weekday
2023-08-02,2023,8,2,Wednesday,Weekday
2023-08-03,2023,8,3,Thursday,Weekday
2023-08-04,2023,8,4,Friday,Weekday
2023-08-05,2023,8,5,Saturday,Weekend
2023-08-06,2023,8,6,Sunday,Weekend
2023-08-07,2023,8,7,Monday,Weekday
2023-08-08,2023,8,8,Tuesday,Weekday
2023-08-09,2023,8,9,Wednesday,Weekday
2023-08-10,2023,8,10,Thursday,Weekday
2023-08-11,2023,8,11,Friday,Weekday
2023-08-12,2023,8,12,Saturday,Weekend
2023-08-13,2023,8,13,Sunday,Weekend
2023-08-14,2023,8,14,Monday,Weekday
2023-08-15,2023,8,15,Tuesday,Weekday
2023-08-16,2023,8,16,Wednesday,Weekday
2023-08-17,2023,8,17,Thursday,Weekday
2023-08-18,2023,8,18,Friday,Weekday
2023-08-19,2023,8,19,Saturday,Weekend
2023-08-20,2023,8,20,Sunday,Weekend
2023-08-21,2023,8,21,Monday,Weekday
2023-08-22,2023,8,22,Tuesday,Weekday
2023-08-23,2023,8,23,Wednesday,Weekday
2023-08-24,2023,8,24,Thursday,Weekday
2023-08-25,2023,8,25,Friday,Weekday
2023-08-26,2023,8,26,Saturday,Weekend
2023-08-27,2023,8,27,Sunday,Weekend
2023-08-28,2023,8,28,Monday,Weekday
2023-08-29,2023,8,29,Tuesday,Weekday
2023-08-30,2023,8,30,Wednesday,Weekday
2023-08-31,2023,8,31,Thursday,Weekday
2023-09-01,2023,9,1,Friday,Weekday
2023-09-02,2023,9,2,Saturday,Weekend
2023-09-03,2023,9,3,Sunday,Weekend
2023-09-04,2023,9,4,Monday,Weekday
2023-09-05,2023,9,5,Tuesday,Weekday
2023-09-06,2023,9,6,Wednesday,Weekday
2023-09-07,2023,9,7,Thursday,Weekday
2023-09-08,2023,9,8,Friday,Weekday
2023-09-09,2023,9,9,Saturday,Weekend
2023-09-10,2023,9,10,Sunday,Weekend
2023-09-11,2023,9,11,Monday,Weekday
2023-09-12,2023,9,12,Tuesday,Weekday
2023-09-13,2023,9,13,Wednesday,Weekday
2023-09-14,2023,9,14,Thursday,Weekday
2023-09-15,2023,9,15,Friday,Weekday
2023-09-16,2023,9,16,Saturday,Weekend
2023-09-17,2023,9,17,Sunday,Weekend
2023-09-18,2023,9,18,Monday,Weekday
2023-09-19,2023,9,19,Tuesday,Weekday
2023-09-20,2023,9,20,Wednesday,Weekday
2023-09-21,2023,9,21,Thursday,Weekday
2023-09-22,2023,9,22,Friday,Weekday
2023-09-23,2023,9,23,Saturday,Weekend
2023-09-24,2023,9,24,Sunday,Weekend
2023-09-25,2023,9,25,Monday,Weekday
2023-09-26,2023,9,26,Tuesday,Weekday
2023-09-27,2023,9,27,Wednesday,Weekday
2023-09-28,2023,9,28,Thursday,Weekday
2023-09-29,2023,9,29,Friday,Weekday
2023-09-30,2023,9,30,Saturday,Weekend
2023-10-01,2023,10,1,Sunday,Weekend
2023-10-02,2023,10,2,Monday,Weekday
2023-10-03,2023,10,3,Tuesday,Weekday
2023-10-04,2023,10,4,Wednesday,Weekday
2023-10-05,2023,10,5,Thursday,Weekday
2023-10-06,2023,10,6,Friday,Weekday
2023-10-07,2023,10,7,Saturday,Weekend
2023-10-08,2023,10,8,Sunday,Weekend
2023-10-09,2023,10,9,Monday,Weekday
2023-10-10,2023,10,10,Tuesday,Weekday
2023-10-11,2023,10,11,Wednesday,Weekday
2023-10-12,2023,10,12,Thursday,Weekday
2023-10-13,2023,10,13,Friday,Weekday
2023-10-14,2023,10,14,Saturday,Weekend
2023-10-15,2023,10,15,Sunday,Weekend
2023-10-16,2023,10,16,Monday,Weekday
2023-10-17,2023,10,17,Tuesday,Weekday
2023-10-18,2023,10,18,Wednesday,Weekday
2023-10-19,2023,10,19,Thursday,Weekday
2023-10-20,2023,10,20,Friday,Weekday
2023-10-21,2023,10,21,Saturday,Weekend
2023-10-22,2023,10,22,Sunday,Weekend
2023-10-23,2023,10,23,Monday,Weekday
2023-10-24,2023,10,24,Tuesday,Weekday
2023-10-25,2023,10,25,Wednesday,Weekday
2023-10-26,2023,10,26,Thursday,Weekday
2023-10-27,2023,10,27,Friday,Weekday
2023-10-28,2023,10,28,Saturday,Weekend
2023-10-29,2023,10,29,Sunday,Weekend
2023-10-30,2023,10,30,Monday,Weekday
2023-10-31,2023,10,31,Tuesday,Weekday
2023-11-01,2023,11,1,Wednesday,Weekday
2023-11-02,2023,11,2,Thursday,Weekday
2023-11-03,2023,11,3,Friday,Weekday
2023-11-04,2023,11,4,Saturday,Weekend
2023-11-05,2023,11,5,Sunday,Weekend
2023-11-06,2023,11,6,Monday,Weekday
2023-11-07,2023,11,7,Tuesday,Weekday
2023-11-08,2023,11,8,Wednesday,Weekday
2023-11-09,2023,11,9,Thursday,Weekday
2023-11-10,2023,11,10,Friday,Weekday
2023-11-11,2023,11,11,Saturday,Weekend
2023-11-12,2023,11,12,Sunday,Weekend
2023-11-13,2023,11,13,Monday,Weekday
2023-11-14,2023,11,14,Tuesday,Weekday
2023-11-15,2023,11,15,Wednesday,Weekday
2023-11-16,2023,11,16,Thursday,Weekday
2023-11-17,2023,11,17,Friday,Weekday
2023-11-18,2023,11,18,Saturday,Weekend
2023-11-19,2023,11,19,Sunday,Weekend
2023-11-20,2023,11,20,Monday,Weekday
2023-11-21,2023,11,21,Tuesday,Weekday
2023-11-22,2023,11,22,Wednesday,Weekday
2023-11-23,2023,11,23,Thursday,Weekday
2023-11-24,2023,11,24,Friday,Weekday
2023-11-25,2023,11,25,Saturday,Weekend
2023-11-26,2023,11,26,Sunday,Weekend
2023-11-27,2023,11,27,Monday,Weekday
2023-11-28,2023,11,28,Tuesday,Weekday
2023-11-29,2023,11,29,Wednesday,Weekday
2023-11-30,2023,11,30,Thursday,Weekday
2023-12-01,2023,12,1,Friday,Weekday
2023-12-02,2023,12,2,Saturday,Weekend
2023-12-03,2023,12,3,Sunday,Weekend
2023-12-04,2023,12,4,Monday,Weekday
2023-12-05,2023,12,5,Tuesday,Weekday
2023-12-06,2023,12,6,Wednesday,Weekday
2023-12-07,2023,12,7,Thursday,Weekday
2023-12-08,2023,12,8,Friday,Weekday
2023-12-09,2023,12,9,Saturday,Weekend
2023-12-10,2023,12,10,Sunday,Weekend
2023-12-11,2023,12,11,Monday,Weekday
2023-12-12,2023,12,12,Tuesday,Weekday
2023-12-13,2023,12,13,Wednesday,Weekday
2023-12-14,2023,12,14,Thursday,Weekday
2023-12-15,2023,12,15,Friday,Weekday
2023-12-16,2023,12,16,Saturday,Weekend
2023-12-17,2023,12,17,Sunday,Weekend
2023-12-18,2023,12,18,Monday,Weekday
2023-12-19,2023,12,19,Tuesday,Weekday
2023-12-20,2023,12,20,Wednesday,Weekday
2023-12-21,2023,12,21,Thursday,Weekday
2023-12-22,2023,12,22,Friday,Weekday
2023-12-23,2023,12,23,Saturday,Weekend
2023-12-24,2023,12,24,Sunday,Weekend
2023-12-25,2023,12,25,Monday,Weekday
2023-12-26,2023,12,26,Tuesday,Weekday
2023-12-27,2023,12,27,Wednesday,Weekday
2023-12-28,2023,12,28,Thursday,Weekday
2023-12-29,2023,12,29,Friday,Weekday
2023-12-30,2023,12,30,Saturday,Weekend
2023-12-31,2023,12,31,Sunday,Weekend
2024-01-01,2024,1,1,Monday,Weekday
2024-01-02,2024,1,2,Tuesday,Weekday
2024-01-03,2024,1,3,Wednesday,Weekday
2024-01-04,2024,1,4,Thursday,Weekday
2024-01-05,2024,1,5,Friday,Weekday
2024-01-06,2024,1,6,Saturday,Weekend
2024-01-07,2024,1,7,Sunday,Weekend
2024-01-08,2024,1,8,Monday,Weekday
2024-01-09,2024,1,9,Tuesday,Weekday
2024-01-10,2024,1,10,Wednesday,Weekday
2024-01-11,2024,1,11,Thursday,Weekday
2024-01-12,2024,1,12,Friday,Weekday
2024-01-13,2024,1,13,Saturday,Weekend
2024-01-14,2024,1,14,Sunday,Weekend
2024-01-15,2024,1,15,Monday,Weekday
2024-01-16,2024,1,16,Tuesday,Weekday
2024-01-17,2024,1,17,Wednesday,Weekday
2024-01-18,2024,1,18,Thursday,Weekday
2024-01-19,2024,1,19,Friday,Weekday
2024-01-20,2024,1,20,Saturday,Weekend
2024-01-21,2024,1,21,Sunday,Weekend
2024-01-22,2024,1,22,Monday,Weekday
2024-01-23,2024,1,23,Tuesday,Weekday
2024-01-24,2024,1,24,Wednesday,Weekday
2024-01-25,2024,1,25,Thursday,Weekday
2024-01-26,2024,1,26,Friday,Weekday
2024-01-27,2024,1,27,Saturday,Weekend
2024-01-28,2024,1,28,Sunday,Weekend
2024-01-29,2024,1,29,Monday,Weekday
2024-01-30,2024,1,30,Tuesday,Weekday
2024-01-31,2024,1,31,Wednesday,Weekday
2024-02-01,2024,2,1,Thursday,Weekday
2024-02-02,2024,2,2,Friday,Weekday
2024-02-03,2024,2,3,Saturday,Weekend
2024-02-04,2024,2,4,Sunday,Weekend
2024-02-05,2024,2,5,Monday,Weekday
2024-02-06,2024,2,6,Tuesday,Weekday
2024-02-07,2024,2,7,Wednesday,Weekday
2024-02-08,2024,2,8,Thursday,Weekday
2024-02-09,2024,2,9,Friday,Weekday
2024-02-10,2024,2,10,Saturday,Weekend
2024-02-11,2024,2,11,Sunday,Weekend
2024-02-12,2024,2,12,Monday,Weekday
2024-02-13,2024,2,13,Tuesday,Weekday
2024-02-14,2024,2,14,Wednesday,Weekday
2024-02-15,2024,2,15,Thursday,Weekday
2024-02-16,2024,2,16,Friday,Weekday
2024-02-17,2024,2,17,Saturday,Weekend
2024-02-18,2024,2,18,Sunday,Weekend
2024-02-19,2024,2,19,Monday,Weekday
2024-02-20,2024,2,20,Tuesday,Weekday
2024-02-21,2024,2,21,Wednesday,Weekday
2024-02-22,2024,2,22,Thursday,Weekday
2024-02-23,2024,2,23,Friday,Weekday
2024-02-24,2024,2,24,Saturday,Weekend
2024-02-25,2024,2,25,Sunday,Weekend
2024-02-26,2024,2,26,Monday,Weekday
2024-02-27,2024,2,27,Tuesday,Weekday
2024-02-28,2024,2,28,Wednesday,Weekday
2024-02-29,2024,2,29,Thursday,Weekday
2024-03-01,2024,3,1,Friday,Weekday
2024-03-02,2024,3,2,Saturday,Weekend
2024-03-03,2024,3,3,Sunday,Weekend
2024-03-04,2024,3,4,Monday,Weekday
2024-03-05,2024,3,5,Tuesday,Weekday
2024-03-06,2024,3,6,Wednesday,Weekday
2024-03-07,2024,3,7,Thursday,Weekday
2024-03-08,2024,3,8,Friday,Weekday
2024-03-09,2024,3,9,Saturday,Weekend
2024-03-10,2024,3,10,Sunday,Weekend
2024-03-11,2024,3,11,Monday,Weekday
2024-03-12,2024,3,12,Tuesday,Weekday
2024-03-13,2024,3,13,Wednesday,Weekday
2024-03-14,2024,3,14,Thursday,Weekday
2024-03-15,2024,3,15,Friday,Weekday
2024-03-16,2024,3,16,Saturday,Weekend
2024-03-17,2024,3,17,Sunday,Weekend
2024-03-18,2024,3,18,Monday,Weekday
2024-03-19,2024,3,19,Tuesday,Weekday
2024-03-20,2024,3,20,Wednesday,Weekday
2024-03-21,2024,3,21,Thursday,Weekday
2024-03-22,2024,3,22,Friday,Weekday
2024-03-23,2024,3,23,Saturday,Weekend
2024-03-24,2024,3,24,Sunday,Weekend
2024-03-25,2024,3,25,Monday,Weekday
2024-03-26,2024,3,26,Tuesday,Weekday
2024-03-27,2024,3,27,Wednesday,Weekday
2024-03-28,2024,3,28,Thursday,Weekday
2024-03-29,2024,3,29,Friday,Weekday
2024-03-30,2024,3,30,Saturday,Weekend
2024-03-31,2024,3,31,Sunday,Weekend
2024-04-01,2024,4,1,Monday,Weekday
2024-04-02,2024,4,2,Tuesday,Weekday
2024-04-03,2024,4,3,Wednesday,Weekday
2024-04-04,2024,4,4,Thursday,Weekday
2024-04-05,2024,4,5,Friday,Weekday
2024-04-06,2024,4,6,Saturday,Weekend
2024-04-07,2024,4,7,Sunday,Weekend
2024-04-08,2024,4,8,Monday,Weekday
2024-04-09,2024,4,9,Tuesday,Weekday
2024-04-10,2024,4,10,Wednesday,Weekday
2024-04-11,2024,4,11,Thursday,Weekday
2024-04-12,2024,4,12,Friday,Weekday
2024-04-13,2024,4,13,Saturday,Weekend
2024-04-14,2024,4,14,Sunday,Weekend
2024-04-15,2024,4,15,Monday,Weekday
2024-04-16,2024,4,16,Tuesday,Weekday
2024-04-17,2024,4,17,Wednesday,Weekday
2024-04-18,2024,4,18,Thursday,Weekday
2024-04-19,2024,4,19,Friday,Weekday
2024-04-20,2024,4,20,Saturday,Weekend
2024-04-21,2024,4,21,Sunday,Weekend
2024-04-22,2024,4,22,Monday,Weekday
2024-04-23,2024,4,23,Tuesday,Weekday
2024-04-24,2024,4,24,Wednesday,Weekday
2024-04-25,2024,4,25,Thursday,Weekday
2024-04-26,2024,4,26,Friday,Weekday
2024-04-27,2024,4,27,Saturday,Weekend
2024-04-28,2024,4,28,Sunday,Weekend
2024-04-29,2024,4,29,Monday,Weekday
2024-04-30,2024,4,30,Tuesday,Weekday
2024-05-01,2024,5,1,Wednesday,Weekday
2024-05-02,2024,5,2,Thursday,Weekday
2024-05-03,2024,5,3,Friday,Weekday
2024-05-04,2024,5,4,Saturday,Weekend
2024-05-05,2024,5,5,Sunday,Weekend
2024-05-06,2024,5,6,Monday,Weekday
2024-05-07,2024,5,7,Tuesday,Weekday
2024-05-08,2024,5,8,Wednesday,Weekday
2024-05-09,2024,5,9,Thursday,Weekday
2024-05-10,2024,5,10,Friday,Weekday
2024-05-11,2024,5,11,Saturday,Weekend
2024-05-12,2024,5,12,Sunday,Weekend
2024-05-13,2024,5,13,Monday,Weekday
2024-05-14,2024,5,14,Tuesday,Weekday
2024-05-15,2024,5,15,Wednesday,Weekday
2024-05-16,2024,5,16,Thursday,Weekday
2024-05-17,2024,5,17,Friday,Weekday
2024-05-18,2024,5,18,Saturday,Weekend
2024-05-19,2024,5,19,Sunday,Weekend
2024-05-20,2024,5,20,Monday,Weekday
2024-05-21,2024,5,21,Tuesday,Weekday
2024-05-22,2024,5,22,Wednesday,Weekday
2024-05-23,2024,5,23,Thursday,Weekday
2024-05-24,2024,5,24,Friday,Weekday
2024-05-25,2024,5,25,Saturday,Weekend
2024-05-26,2024,5,26,Sunday,Weekend
2024-05-27,2024,5,27,Monday,Weekday
2024-05-28,2024,5,28,Tuesday,Weekday
2024-05-29,2024,5,29,Wednesday,Weekday
2024-05-30,2024,5,30,Thursday,Weekday
2024-05-31,2024,5,31,Friday,Weekday
2024-06-01,2024,6,1,Saturday,Weekend
2024-06-02,2024,6,2,Sunday,Weekend
2024-06-03,2024,6,3,Monday,Weekday
2024-06-04,2024,6,4,Tuesday,Weekday
2024-06-05,2024,6,5,Wednesday,Weekday
2024-06-06,2024,6,6,Thursday,Weekday
2024-06-07,2024,6,7,Friday,Weekday
2024-06-08,2024,6,8,Saturday,Weekend
2024-06-09,2024,6,9,Sunday,Weekend
2024-06-10,2024,6,10,Monday,Weekday
2024-06-11,2024,6,11,Tuesday,Weekday
2024-06-12,2024,6,12,Wednesday,Weekday
2024-06-13,2024,6,13,Thursday,Weekday
2024-06-14,2024,6,14,Friday,Weekday
2024-06-15,2024,6,15,Saturday,Weekend
2024-06-16,2024,6,16,Sunday,Weekend
2024-06-17,2024,6,17,Monday,Weekday
2024-06-18,2024,6,18,Tuesday,Weekday
2024-06-19,2024,6,19,Wednesday,Weekday
2024-06-20,2024,6,20,Thursday,Weekday
2024-06-21,2024,6,21,Friday,Weekday
2024-06-22,2024,6,22,Saturday,Weekend
2024-06-23,2024,6,23,Sunday,Weekend
2024-06-24,2024,6,24,Monday,Weekday
2024-06-25,2024,6,25,Tuesday,Weekday
2024-06-26,2024,6,26,Wednesday,Weekday
2024-06-27,2024,6,27,Thursday,Weekday
2024-06-28,2024,6,28,Friday,Weekday
2024-06-29,2024,6,29,Saturday,Weekend
2024-06-30,2024,6,30,Sunday,Weekend
2024-07-01,2024,7,1,Monday,Weekday
2024-07-02,2024,7,2,Tuesday,Weekday
2024-07-03,2024,7,3,Wednesday,Weekday
2024-07-04,2024,7,4,Thursday,Weekday
2024-07-05,2024,7,5,Friday,Weekday
2024-07-06,2024,7,6,Saturday,Weekend
2024-07-07,2024,7,7,Sunday,Weekend
2024-07-08,2024,7,8,Monday,Weekday
2024-07-09,2024,7,9,Tuesday,Weekday
2024-07-10,2024,7,10,Wednesday,Weekday
2024-07-11,2024,7,11,Thursday,Weekday
2024-07-12,2024,7,12,Friday,Weekday
2024-07-13,2024,7,13,Saturday,Weekend
2024-07-14,2024,7,14,Sunday,Weekend
2024-07-15,2024,7,15,Monday,Weekday
2024-07-16,2024,7,16,Tuesday,Weekday
2024-07-17,2024,7,17,Wednesday,Weekday
2024-07-18,2024,7,18,Thursday,Weekday
2024-07-19,2024,7,19,Friday,Weekday
2024-07-20,2024,7,20,Saturday,Weekend
2024-07-21,2024,7,21,Sunday,Weekend
2024-07-22,2024,7,22,Monday,Weekday
2024-07-23,2024,7,23,Tuesday,Weekday
2024-07-24,2024,7,24,Wednesday,Weekday
2024-07-25,2024,7,25,Thursday,Weekday
2024-07-26,2024,7,26,Friday,Weekday
2024-07-27,2024,7,27,Saturday,Weekend
2024-07-28,2024,7,28,Sunday,Weekend
2024-07-29,2024,7,29,Monday,Weekday
2024-07-30,2024,7,30,Tuesday,Weekday
2024-07-31,2024,7,31,Wednesday,Weekday
2024-08-01,2024,8,1,Thursday,Weekday
2024-08-02,2024,8,2,Friday,Weekday
2024-08-03,2024,8,3,Saturday,Weekend
2024-08-04,2024,8,4,Sunday,Weekend
2024-08-05,2024,8,5,Monday,Weekday
2024-08-06,2024,8,6,Tuesday,Weekday
2024-08-07,2024,8,7,Wednesday,Weekday
2024-08-08,2024,8,8,Thursday,Weekday
2024-08-09,2024,8,9,Friday,Weekday
2024-08-10,2024,8,10,Saturday,Weekend
2024-08-11,2024,8,11,Sunday,Weekend
2024-08-12,2024,8,12,Monday,Weekday
2024-08-13,2024,8,13,Tuesday,Weekday
2024-08-14,2024,8,14,Wednesday,Weekday
2024-08-15,2024,8,15,Thursday,Weekday
2024-08-16,2024,8,16,Friday,Weekday
2024-08-17,2024,8,17,Saturday,Weekend
2024-08-18,2024,8,18,Sunday,Weekend
2024-08-19,2024,8,19,Monday,Weekday
2024-08-20,2024,8,20,Tuesday,Weekday
2024-08-21,2024,8,21,Wednesday,Weekday
2024-08-22,2024,8,22,Thursday,Weekday
2024-08-23,2024,8,23,Friday,Weekday
2024-08-24,2024,8,24,Saturday,Weekend
2024-08-25,2024,8,25,Sunday,Weekend
2024-08-26,2024,8,26,Monday,Weekday
2024-08-27,2024,8,27,Tuesday,Weekday
2024-08-28,2024,8,28,Wednesday,Weekday
2024-08-29,2024,8,29,Thursday,Weekday
2024-08-30,2024,8,30,Friday,Weekday
2024-08-31,2024,8,31,Saturday,Weekend
2024-09-01,2024,9,1,Sunday,Weekend
2024-09-02,2024,9,2,Monday,Weekday
2024-09-03,2024,9,3,Tuesday,Weekday
2024-09-04,2024,9,4,Wednesday,Weekday
2024-09-05,2024,9,5,Thursday,Weekday
2024-09-06,2024,9,6,Friday,Weekday
2024-09-07,2024,9,7,Saturday,Weekend
2024-09-08,2024,9,8,Sunday,Weekend
2024-09-09,2024,9,9,Monday,Weekday
2024-09-10,2024,9,10,Tuesday,Weekday
2024-09-11,2024,9,11,Wednesday,Weekday
2024-09-12,2024,9,12,Thursday,Weekday
2024-09-13,2024,9,13,Friday,Weekday
2024-09-14,2024,9,14,Saturday,Weekend
2024-09-15,2024,9,15,Sunday,Weekend
2024-09-16,2024,9,16,Monday,Weekday
2024-09-17,2024,9,17,Tuesday,Weekday
2024-09-18,2024,9,18,Wednesday,Weekday
2024-09-19,2024,9,19,Thursday,Weekday
2024-09-20,2024,9,20,Friday,Weekday
2024-09-21,2024,9,21,Saturday,Weekend
2024-09-22,2024,9,22,Sunday,Weekend
2024-09-23,2024,9,23,Monday,Weekday
2024-09-24,2024,9,24,Tuesday,Weekday
2024-09-25,2024,9,25,Wednesday,Weekday
2024-09-26,2024,9,26,Thursday,Weekday
2024-09-27,2024,9,27,Friday,Weekday
2024-09-28,2024,9,28,Saturday,Weekend
2024-09-29,2024,9,29,Sunday,Weekend
2024-09-30,2024,9,30,Monday,Weekday
2024-10-01,2024,10,1,Tuesday,Weekday
2024-10-02,2024,10,2,Wednesday,Weekday
2024-10-03,2024,10,3,Thursday,Weekday
2024-10-04,2024,10,4,Friday,Weekday
2024-10-05,2024,10,5,Saturday,Weekend
2024-10-06,2024,10,6,Sunday,Weekend
2024-10-07,2024,10,7,Monday,Weekday
2024-10-08,2024,10,8,Tuesday,Weekday
2024-10-09,2024,10,9,Wednesday,Weekday
2024-10-10,2024,10,10,Thursday,Weekday
2024-10-11,2024,10,11,Friday,Weekday
2024-10-12,2024,10,12,Saturday,Weekend
2024-10-13,2024,10,13,Sunday,Weekend
2024-10-14,2024,10,14,Monday,Weekday
2024-10-15,2024,10,15,Tuesday,Weekday
2024-10-16,2024,10,16,Wednesday,Weekday
2024-10-17,2024,10,17,Thursday,Weekday
2024-10-18,2024,10,18,Friday,Weekday
2024-10-19,2024,10,19,Saturday,Weekend
2024-10-20,2024,10,20,Sunday,Weekend
2024-10-21,2024,10,21,Monday,Weekday
2024-10-22,2024,10,22,Tuesday,Weekday
2024-10-23,2024,10,23,Wednesday,Weekday
2024-10-24,2024,10,24,Thursday,Weekday
2024-10-25,2024,10,25,Friday,Weekday
2024-10-26,2024,10,26,Saturday,Weekend
2024-10-27,2024,10,27,Sunday,Weekend
2024-10-28,2024,10,28,Monday,Weekday
2024-10-29,2024,10,29,Tuesday,Weekday
2024-10-30,2024,10,30,Wednesday,Weekday
2024-10-31,2024,10,31,Thursday,Weekday
2024-11-01,2024,11,1,Friday,Weekday
2024-11-02,2024,11,2,Saturday,Weekend
2024-11-03,2024,11,3,Sunday,Weekend
2024-11-04,2024,11,4,Monday,Weekday
2024-11-05,2024,11,5,Tuesday,Weekday
2024-11-06,2024,11,6,Wednesday,Weekday
2024-11-07,2024,11,7,Thursday,Weekday
2024-11-08,2024,11,8,Friday,Weekday
2024-11-09,2024,11,9,Saturday,Weekend
2024-11-10,2024,11,10,Sunday,Weekend
2024-11-11,2024,11,11,Monday,Weekday
2024-11-12,2024,11,12,Tuesday,Weekday
2024-11-13,2024,11,13,Wednesday,Weekday
2024-11-14,2024,11,14,Thursday,Weekday
2024-11-15,2024,11,15,Friday,Weekday
2024-11-16,2024,11,16,Saturday,Weekend
2024-11-17,2024,11,17,Sunday,Weekend
2024-11-18,2024,11,18,Monday,Weekday
2024-11-19,2024,11,19,Tuesday,Weekday
2024-11-20,2024,11,20,Wednesday,Weekday
2024-11-21,2024,11,21,Thursday,Weekday
2024-11-22,2024,11,22,Friday,Weekday
2024-11-23,2024,11,23,Saturday,Weekend
2024-11-24,2024,11,24,Sunday,Weekend
2024-11-25,2024,11,25,Monday,Weekday
2024-11-26,2024,11,26,Tuesday,Weekday
2024-11-27,2024,11,27,Wednesday,Weekday
2024-11-28,2024,11,28,Thursday,Weekday
2024-11-29,2024,11,29,Friday,Weekday
2024-11-30,2024,11,30,Saturday,Weekend
2024-12-01,2024,12,1,Sunday,Weekend
2024-12-02,2024,12,2,Monday,Weekday
2024-12-03,2024,12,3,Tuesday,Weekday
2024-12-04,2024,12,4,Wednesday,Weekday
2024-12-05,2024,12,5,Thursday,Weekday
2024-12-06,2024,12,6,Friday,Weekday
2024-12-07,2024,12,7,Saturday,Weekend
2024-12-08,2024,12,8,Sunday,Weekend
2024-12-09,2024,12,9,Monday,Weekday
2024-12-10,2024,12,10,Tuesday,Weekday
2024-12-11,2024,12,11,Wednesday,Weekday
2024-12-12,2024,12,12,Thursday,Weekday
2024-12-13,2024,12,13,Friday,Weekday
2024-12-14,2024,12,14,Saturday,Weekend
2024-12-15,2024,12,15,Sunday,Weekend
2024-12-16,2024,12,16,Monday,Weekday
2024-12-17,2024,12,17,Tuesday,Weekday
2024-12-18,2024,12,18,Wednesday,Weekday
2024-12-19,2024,12,19,Thursday,Weekday
2024-12-20,2024,12,20,Friday,Weekday
2024-12-21,2024,12,21,Saturday,Weekend
2024-12-22,2024,12,22,Sunday,Weekend
2024-12-23,2024,12,23,Monday,Weekday
2024-12-24,2024,12,24,Tuesday,Weekday
2024-12-25,2024,12,25,Wednesday,Weekday
2024-12-26,2024,12,26,Thursday,Weekday
2024-12-27,2024,12,27,Friday,Weekday
2024-12-28,2024,12,28,Saturday,Weekend
2024-12-29,2024,12,29,Sunday,Weekend
2024-12-30,2024,12,30,Monday,Weekday
2024-12-31,2024,12,31,Tuesday,Weekday
2025-01-01,2025,1,1,Wednesday,Weekday
2025-01-02,2025,1,2,Thursday,Weekday
2025-01-03,2025,1,3,Friday,Weekday
2025-01-04,2025,1,4,Saturday,Weekend
2025-01-05,2025,1,5,Sunday,Weekend
2025-01-06,2025,1,6,Monday,Weekday
2025-01-07,2025,1,7,Tuesday,Weekday
2025-01-08,2025,1,8,Wednesday,Weekday
2025-01-09,2025,1,9,Thursday,Weekday
2025-01-10,2025,1,10,Friday,Weekday
2025-01-11,2025,1,11,Saturday,Weekend
2025-01-12,2025,1,12,Sunday,Weekend
2025-01-13,2025,1,13,Monday,Weekday
2025-01-14,2025,1,14,Tuesday,Weekday
2025-01-15,2025,1,15,Wednesday,Weekday
2025-01-16,2025,1,16,Thursday,Weekday
2025-01-17,2025,1,17,Friday,Weekday
2025-01-18,2025,1,18,Saturday,Weekend
2025-01-19,2025,1,19,Sunday,Weekend
2025-01-20,2025,1,20,Monday,Weekday
2025-01-21,2025,1,21,Tuesday,Weekday
2025-01-22,2025,1,22,Wednesday,Weekday
2025-01-23,2025,1,23,Thursday,Weekday
2025-01-24,2025,1,24,Friday,Weekday
2025-01-25,2025,1,25,Saturday,Weekend
2025-01-26,2025,1,26,Sunday,Weekend
2025-01-27,2025,1,27,Monday,Weekday
2025-01-28,2025,1,28,Tuesday,Weekday
2025-01-29,2025,1,29,Wednesday,Weekday
2025-01-30,2025,1,30,Thursday,Weekday
2025-01-31,2025,1,31,Friday,Weekday
2025-02-01,2025,2,1,Saturday,Weekend
2025-02-02,2025,2,2,Sunday,Weekend
2025-02-03,2025,2,3,Monday,Weekday
2025-02-04,2025,2,4,Tuesday,Weekday
2025-02-05,2025,2,5,Wednesday,Weekday
2025-02-06,2025,2,6,Thursday,Weekday
2025-02-07,2025,2,7,Friday,Weekday
2025-02-08,2025,2,8,Saturday,Weekend
2025-02-09,2025,2,9,Sunday,Weekend
2025-02-10,2025,2,10,Monday,Weekday
2025-02-11,2025,2,11,Tuesday,Weekday
2025-02-12,2025,2,12,Wednesday,Weekday
2025-02-13,2025,2,13,Thursday,Weekday
2025-02-14,2025,2,14,Friday,Weekday
2025-02-15,2025,2,15,Saturday,Weekend
2025-02-16,2025,2,16,Sunday,Weekend
2025-02-17,2025,2,17,Monday,Weekday
2025-02-18,2025,2,18,Tuesday,Weekday
2025-02-19,2025,2,19,Wednesday,Weekday
2025-02-20,2025,2,20,Thursday,Weekday
2025-02-21,2025,2,21,Friday,Weekday
2025-02-22,2025,2,22,Saturday,Weekend
2025-02-23,2025,2,23,Sunday,Weekend
2025-02-24,2025,2,24,Monday,Weekday
2025-02-25,2025,2,25,Tuesday,Weekday
2025-02-26,2025,2,26,Wednesday,Weekday
2025-02-27,2025,2,27,Thursday,Weekday
2025-02-28,2025,2,28,Friday,Weekday
2025-03-01,2025,3,1,Saturday,Weekend
2025-03-02,2025,3,2,Sunday,Weekend
2025-03-03,2025,3,3,Monday,Weekday
2025-03-04,2025,3,4,Tuesday,Weekday
2025-03-05,2025,3,5,Wednesday,Weekday
2025-03-06,2025,3,6,Thursday,Weekday
2025-03-07,2025,3,7,Friday,Weekday
2025-03-08,2025,3,8,Saturday,Weekend
2025-03-09,2025,3,9,Sunday,Weekend
2025-03-10,2025,3,10,Monday,Weekday
2025-03-11,2025,3,11,Tuesday,Weekday
2025-03-12,2025,3,12,Wednesday,Weekday
2025-03-13,2025,3,13,Thursday,Weekday
2025-03-14,2025,3,14,Friday,Weekday
2025-03-15,2025,3,15,Saturday,Weekend
2025-03-16,2025,3,16,Sunday,Weekend
2025-03-17,2025,3,17,Monday,Weekday
2025-03-18,2025,3,18,Tuesday,Weekday
2025-03-19,2025,3,19,Wednesday,Weekday
2025-03-20,2025,3,20,Thursday,Weekday
2025-03-21,2025,3,21,Friday,Weekday
2025-03-22,2025,3,22,Saturday,Weekend
2025-03-23,2025,3,23,Sunday,Weekend
2025-03-24,2025,3,24,Monday,Weekday
2025-03-25,2025,3,25,Tuesday,Weekday
2025-03-26,2025,3,26,Wednesday,Weekday
2025-03-27,2025,3,27,Thursday,Weekday
2025-03-28,2025,3,28,Friday,Weekday
2025-03-29,2025,3,29,Saturday,Weekend
2025-03-30,2025,3,30,Sunday,Weekend
2025-03-31,2025,3,31,Monday,Weekday
2025-04-01,2025,4,1,Tuesday,Weekday
2025-04-02,2025,4,2,Wednesday,Weekday
2025-04-03,2025,4,3,Thursday,Weekday
2025-04-04,2025,4,4,Friday,Weekday
2025-04-05,2025,4,5,Saturday,Weekend
2025-04-06,2025,4,6,Sunday,Weekend
2025-04-07,2025,4,7,Monday,Weekday
2025-04-08,2025,4,8,Tuesday,Weekday
2025-04-09,2025,4,9,Wednesday,Weekday
2025-04-10,2025,4,10,Thursday,Weekday
2025-04-11,2025,4,11,Friday,Weekday
2025-04-12,2025,4,12,Saturday,Weekend
2025-04-13,2025,4,13,Sunday,Weekend
2025-04-14,2025,4,14,Monday,Weekday
2025-04-15,2025,4,15,Tuesday,Weekday
2025-04-16,2025,4,16,Wednesday,Weekday
2025-04-17,2025,4,17,Thursday,Weekday
2025-04-18,2025,4,18,Friday,Weekday
2025-04-19,2025,4,19,Saturday,Weekend
2025-04-20,2025,4,20,Sunday,Weekend
2025-04-21,2025,4,21,Monday,Weekday
2025-04-22,2025,4,22,Tuesday,Weekday
2025-04-23,2025,4,23,Wednesday,Weekday
2025-04-24,2025,4,24,Thursday,Weekday
2025-04-25,2025,4,25,Friday,Weekday
2025-04-26,2025,4,26,Saturday,Weekend
2025-04-27,2025,4,27,Sunday,Weekend
2025-04-28,2025,4,28,Monday,Weekday
2025-04-29,2025,4,29,Tuesday,Weekday
2025-04-30,2025,4,30,Wednesday,Weekday
2025-05-01,2025,5,1,Thursday,Weekday
2025-05-02,2025,5,2,Friday,Weekday
2025-05-03,2025,5,3,Saturday,Weekend
2025-05-04,2025,5,4,Sunday,Weekend
2025-05-05,2025,5,5,Monday,Weekday
2025-05-06,2025,5,6,Tuesday,Weekday
2025-05-07,2025,5,7,Wednesday,Weekday
2025-05-08,2025,5,8,Thursday,Weekday
2025-05-09,2025,5,9,Friday,Weekday
2025-05-10,2025,5,10,Saturday,Weekend
2025-05-11,2025,5,11,Sunday,Weekend
2025-05-12,2025,5,12,Monday,Weekday
2025-05-13,2025,5,13,Tuesday,Weekday
2025-05-14,2025,5,14,Wednesday,Weekday
2025-05-15,2025,5,15,Thursday,Weekday
2025-05-16,2025,5,16,Friday,Weekday
2025-05-17,2025,5,17,Saturday,Weekend
2025-05-18,2025,5,18,Sunday,Weekend
2025-05-19,2025,5,19,Monday,Weekday
2025-05-20,2025,5,20,Tuesday,Weekday
2025-05-21,2025,5,21,Wednesday,Weekday
2025-05-22,2025,5,22,Thursday,Weekday
2025-05-23,2025,5,23,Friday,Weekday
2025-05-24,2025,5,24,Saturday,Weekend
2025-05-25,2025,5,25,Sunday,Weekend
2025-05-26,2025,5,26,Monday,Weekday
2025-05-27,2025,5,27,Tuesday,Weekday
2025-05-28,2025,5,28,Wednesday,Weekday
2025-05-29,2025,5,29,Thursday,Weekday
2025-05-30,2025,5,30,Friday,Weekday
2025-05-31,2025,5,31,Saturday,Weekend
2025-06-01,2025,6,1,Sunday,Weekend
2025-06-02,2025,6,2,Monday,Weekday
2025-06-03,2025,6,3,Tuesday,Weekday
2025-06-04,2025,6,4,Wednesday,Weekday
2025-06-05,2025,6,5,Thursday,Weekday
2025-06-06,2025,6,6,Friday,Weekday
2025-06-07,2025,6,7,Saturday,Weekend
2025-06-08,2025,6,8,Sunday,Weekend
2025-06-09,2025,6,9,Monday,Weekday
2025-06-10,2025,6,10,Tuesday,Weekday
2025-06-11,2025,6,11,Wednesday,Weekday
2025-06-12,2025,6,12,Thursday,Weekday
2025-06-13,2025,6,13,Friday,Weekday
2025-06-14,2025,6,14,Saturday,Weekend
2025-06-15,2025,6,15,Sunday,Weekend
2025-06-16,2025,6,16,Monday,Weekday
2025-06-17,2025,6,17,Tuesday,Weekday
2025-06-18,2025,6,18,Wednesday,Weekday
2025-06-19,2025,6,19,Thursday,Weekday
2025-06-20,2025,6,20,Friday,Weekday
2025-06-21,2025,6,21,Saturday,Weekend
2025-06-22,2025,6,22,Sunday,Weekend
2025-06-23,2025,6,23,Monday,Weekday
2025-06-24,2025,6,24,Tuesday,Weekday
2025-06-25,2025,6,25,Wednesday,Weekday
2025-06-26,2025,6,26,Thursday,Weekday
2025-06-27,2025,6,27,Friday,Weekday
2025-06-28,2025,6,28,Saturday,Weekend
2025-06-29,2025,6,29,Sunday,Weekend
2025-06-30,2025,6,30,Monday,Weekday
2025-07-01,2025,7,1,Tuesday,Weekday
2025-07-02,2025,7,2,Wednesday,Weekday
2025-07-03,2025,7,3,Thursday,Weekday
2025-07-04,2025,7,4,Friday,Weekday
2025-07-05,2025,7,5,Saturday,Weekend
2025-07-06,2025,7,6,Sunday,Weekend
2025-07-07,2025,7,7,Monday,Weekday
2025-07-08,2025,7,8,Tuesday,Weekday
2025-07-09,2025,7,9,Wednesday,Weekday
2025-07-10,2025,7,10,Thursday,Weekday
2025-07-11,2025,7,11,Friday,Weekday
2025-07-12,2025,7,12,Saturday,Weekend
2025-07-13,2025,7,13,Sunday,Weekend
2025-07-14,2025,7,14,Monday,Weekday
2025-07-15,2025,7,15,Tuesday,Weekday
2025-07-16,2025,7,16,Wednesday,Weekday
2025-07-17,2025,7,17,Thursday,Weekday
2025-07-18,2025,7,18,Friday,Weekday
2025-07-19,2025,7,19,Saturday,Weekend
2025-07-20,2025,7,20,Sunday,Weekend
2025-07-21,2025,7,21,Monday,Weekday
2025-07-22,2025,7,22,Tuesday,Weekday
2025-07-23,2025,7,23,Wednesday,Weekday
2025-07-24,2025,7,24,Thursday,Weekday
2025-07-25,2025,7,25,Friday,Weekday
2025-07-26,2025,7,26,Saturday,Weekend
2025-07-27,2025,7,27,Sunday,Weekend
2025-07-28,2025,7,28,Monday,Weekday
2025-07-29,2025,7,29,Tuesday,Weekday
2025-07-30,2025,7,30,Wednesday,Weekday
2025-07-31,2025,7,31,Thursday,Weekday
2025-08-01,2025,8,1,Friday,Weekday
2025-08-02,2025,8,2,Saturday,Weekend
2025-08-03,2025,8,3,Sunday,Weekend
2025-08-04,2025,8,4,Monday,Weekday
2025-08-05,2025,8,5,Tuesday,Weekday
2025-08-06,2025,8,6,Wednesday,Weekday
2025-08-07,2025,8,7,Thursday,Weekday
2025-08-08,2025,8,8,Friday,Weekday
2025-08-09,2025,8,9,Saturday,Weekend
2025-08-10,2025,8,10,Sunday,Weekend
2025-08-11,2025,8,11,Monday,Weekday
2025-08-12,2025,8,12,Tuesday,Weekday
2025-08-13,2025,8,13,Wednesday,Weekday
2025-08-14,2025,8,14,Thursday,Weekday
2025-08-15,2025,8,15,Friday,Weekday
2025-08-16,2025,8,16,Saturday,Weekend
2025-08-17,2025,8,17,Sunday,Weekend
2025-08-18,2025,8,18,Monday,Weekday
2025-08-19,2025,8,19,Tuesday,Weekday
2025-08-20,2025,8,20,Wednesday,Weekday
2025-08-21,2025,8,21,Thursday,Weekday
2025-08-22,2025,8,22,Friday,Weekday
2025-08-23,2025,8,23,Saturday,Weekend
2025-08-24,2025,8,24,Sunday,Weekend
2025-08-25,2025,8,25,Monday,Weekday
2025-08-26,2025,8,26,Tuesday,Weekday
2025-08-27,2025,8,27,Wednesday,Weekday
2025-08-28,2025,8,28,Thursday,Weekday
2025-08-29,2025,8,29,Friday,Weekday
2025-08-30,2025,8,30,Saturday,Weekend
2025-08-31,2025,8,31,Sunday,Weekend
2025-09-01,2025,9,1,Monday,Weekday
2025-09-02,2025,9,2,Tuesday,Weekday
2025-09-03,2025,9,3,Wednesday,Weekday
2025-09-04,2025,9,4,Thursday,Weekday
2025-09-05,2025,9,5,Friday,Weekday
2025-09-06,2025,9,6,Saturday,Weekend
2025-09-07,2025,9,7,Sunday,Weekend
2025-09-08,2025,9,8,Monday,Weekday
2025-09-09,2025,9,9,Tuesday,Weekday
2025-09-10,2025,9,10,Wednesday,Weekday
2025-09-11,2025,9,11,Thursday,Weekday
2025-09-12,2025,9,12,Friday,Weekday
2025-09-13,2025,9,13,Saturday,Weekend
2025-09-14,2025,9,14,Sunday,Weekend
2025-09-15,2025,9,15,Monday,Weekday
2025-09-16,2025,9,16,Tuesday,Weekday
2025-09-17,2025,9,17,Wednesday,Weekday
2025-09-18,2025,9,18,Thursday,Weekday
2025-09-19,2025,9,19,Friday,Weekday
2025-09-20,2025,9,20,Saturday,Weekend
2025-09-21,2025,9,21,Sunday,Weekend
2025-09-22,2025,9,22,Monday,Weekday
2025-09-23,2025,9,23,Tuesday,Weekday
2025-09-24,2025,9,24,Wednesday,Weekday
2025-09-25,2025,9,25,Thursday,Weekday
2025-09-26,2025,9,26,Friday,Weekday
2025-09-27,2025,9,27,Saturday,Weekend
2025-09-28,2025,9,28,Sunday,Weekend
2025-09-29,2025,9,29,Monday,Weekday
2025-09-30,2025,9,30,Tuesday,Weekday
2025-10-01,2025,10,1,Wednesday,Weekday
2025-10-02,2025,10,2,Thursday,Weekday
2025-10-03,2025,10,3,Friday,Weekday
2025-10-04,2025,10,4,Saturday,Weekend
2025-10-05,2025,10,5,Sunday,Weekend
2025-10-06,2025,10,6,Monday,Weekday
2025-10-07,2025,10,7,Tuesday,Weekday
2025-10-08,2025,10,8,Wednesday,Weekday
2025-10-09,2025,10,9,Thursday,Weekday
2025-10-10,2025,10,10,Friday,Weekday
2025-10-11,2025,10,11,Saturday,Weekend
2025-10-12,2025,10,12,Sunday,Weekend
2025-10-13,2025,10,13,Monday,Weekday
2025-10-14,2025,10,14,Tuesday,Weekday
2025-10-15,2025,10,15,Wednesday,Weekday
2025-10-16,2025,10,16,Thursday,Weekday
2025-10-17,2025,10,17,Friday,Weekday
2025-10-18,2025,10,18,Saturday,Weekend
2025-10-19,2025,10,19,Sunday,Weekend
2025-10-20,2025,10,20,Monday,Weekday
2025-10-21,2025,10,21,Tuesday,Weekday
2025-10-22,2025,10,22,Wednesday,Weekday
2025-10-23,2025,10,23,Thursday,Weekday
2025-10-24,2025,10,24,Friday,Weekday
2025-10-25,2025,10,25,Saturday,Weekend
2025-10-26,2025,10,26,Sunday,Weekend
2025-10-27,2025,10,27,Monday,Weekday
2025-10-28,2025,10,28,Tuesday,Weekday
2025-10-29,2025,10,29,Wednesday,Weekday
2025-10-30,2025,10,30,Thursday,Weekday
2025-10-31,2025,10,31,Friday,Weekday
2025-11-01,2025,11,1,Saturday,Weekend
2025-11-02,2025,11,2,Sunday,Weekend
2025-11-03,2025,11,3,Monday,Weekday
2025-11-04,2025,11,4,Tuesday,Weekday
2025-11-05,2025,11,5,Wednesday,Weekday
2025-11-06,2025,11,6,Thursday,Weekday
2025-11-07,2025,11,7,Friday,Weekday
2025-11-08,2025,11,8,Saturday,Weekend
2025-11-09,2025,11,9,Sunday,Weekend
2025-11-10,2025,11,10,Monday,Weekday
2025-11-11,2025,11,11,Tuesday,Weekday
2025-11-12,2025,11,12,Wednesday,Weekday
2025-11-13,2025,11,13,Thursday,Weekday
2025-11-14,2025,11,14,Friday,Weekday
2025-11-15,2025,11,15,Saturday,Weekend
2025-11-16,2025,11,16,Sunday,Weekend
2025-11-17,2025,11,17,Monday,Weekday
2025-11-18,2025,11,18,Tuesday,Weekday
2025-11-19,2025,11,19,Wednesday,Weekday
2025-11-20,2025,11,20,Thursday,Weekday
2025-11-21,2025,11,21,Friday,Weekday
2025-11-22,2025,11,22,Saturday,Weekend
2025-11-23,2025,11,23,Sunday,Weekend
2025-11-24,2025,11,24,Monday,Weekday
2025-11-25,2025,11,25,Tuesday,Weekday
2025-11-26,2025,11,26,Wednesday,Weekday
2025-11-27,2025,11,27,Thursday,Weekday
2025-11-28,2025,11,28,Friday,Weekday
2025-11-29,2025,11,29,Saturday,Weekend
2025-11-30,2025,11,30,Sunday,Weekend
2025-12-01,2025,12,1,Monday,Weekday
2025-12-02,2025,12,2,Tuesday,Weekday
2025-12-03,2025,12,3,Wednesday,Weekday
2025-12-04,2025,12,4,Thursday,Weekday
2025-12-05,2025,12,5,Friday,Weekday
2025-12-06,2025,12,6,Saturday,Weekend
2025-12-07,2025,12,7,Sunday,Weekend
2025-12-08,2025,12,8,Monday,Weekday
2025-12-09,2025,12,9,Tuesday,Weekday
2025-12-10,2025,12,10,Wednesday,Weekday
2025-12-11,2025,12,11,Thursday,Weekday
2025-12-12,2025,12,12,Friday,Weekday
2025-12-13,2025,12,13,Saturday,Weekend
2025-12-14,2025,12,14,Sunday,Weekend
2025-12-15,2025,12,15,Monday,Weekday
2025-12-16,2025,12,16,Tuesday,Weekday
2025-12-17,2025,12,17,Wednesday,Weekday
2025-12-18,2025,12,18,Thursday,Weekday
2025-12-19,2025,12,19,Friday,Weekday
2025-12-20,2025,12,20,Saturday,Weekend
2025-12-21,2025,12,21,Sunday,Weekend
2025-12-22,2025,12,22,Monday,Weekday
2025-12-23,2025,12,23,Tuesday,Weekday
2025-12-24,2025,12,24,Wednesday,Weekday
2025-12-25,2025,12,25,Thursday,Weekday
2025-12-26,2025,12,26,Friday,Weekday
2025-12-27,2025,12,27,Saturday,Weekend
2025-12-28,2025,12,28,Sunday,Weekend
2025-12-29,2025,12,29,Monday,Weekday
2025-12-30,2025,12,30,Tuesday,Weekday
2025-12-31,2025,12,31,Wednesday,Weekday
2026-01-01,2026,1,1,Thursday,Weekday
2026-01-02,2026,1,2,Friday,Weekday
2026-01-03,2026,1,3,Saturday,Weekend
2026-01-04,2026,1,4,Sunday,Weekend
2026-01-05,2026,1,5,Monday,Weekday
2026-01-06,2026,1,6,Tuesday,Weekday
2026-01-07,2026,1,7,Wednesday,Weekday
2026-01-08,2026,1,8,Thursday,Weekday
2026-01-09,2026,1,9,Friday,Weekday
2026-01-10,2026,1,10,Saturday,Weekend
2026-01-11,2026,1,11,Sunday,Weekend
2026-01-12,2026,1,12,Monday,Weekday
2026-01-13,2026,1,13,Tuesday,Weekday
2026-01-14,2026,1,14,Wednesday,Weekday
2026-01-15,2026,1,15,Thursday,Weekday
2026-01-16,2026,1,16,Friday,Weekday
2026-01-17,2026,1,17,Saturday,Weekend
2026-01-18,2026,1,18,Sunday,Weekend
2026-01-19,2026,1,19,Monday,Weekday
2026-01-20,2026,1,20,Tuesday,Weekday
2026-01-21,2026,1,21,Wednesday,Weekday
2026-01-22,2026,1,22,Thursday,Weekday
2026-01-23,2026,1,23,Friday,Weekday
2026-01-24,2026,1,24,Saturday,Weekend
2026-01-25,2026,1,25,Sunday,Weekend
2026-01-26,2026,1,26,Monday,Weekday
2026-01-27,2026,1,27,Tuesday,Weekday
2026-01-28,2026,1,28,Wednesday,Weekday
2026-01-29,2026,1,29,Thursday,Weekday
2026-01-30,2026,1,30,Friday,Weekday
2026-01-31,2026,1,31,Saturday,Weekend
2026-02-01,2026,2,1,Sunday,Weekend
2026-02-02,2026,2,2,Monday,Weekday
2026-02-03,2026,2,3,Tuesday,Weekday
2026-02-04,2026,2,4,Wednesday,Weekday
2026-02-05,2026,2,5,Thursday,Weekday
2026-02-06,2026,2,6,Friday,Weekday
2026-02-07,2026,2,7,Saturday,Weekend
2026-02-08,2026,2,8,Sunday,Weekend
2026-02-09,2026,2,9,Monday,Weekday
2026-02-10,2026,2,10,Tuesday,Weekday
2026-02-11,2026,2,11,Wednesday,Weekday
2026-02-12,2026,2,12,Thursday,Weekday
2026-02-13,2026,2,13,Friday,Weekday
2026-02-14,2026,2,14,Saturday,Weekend
2026-02-15,2026,2,15,Sunday,Weekend
2026-02-16,2026,2,16,Monday,Weekday
2026-02-17,2026,2,17,Tuesday,Weekday
2026-02-18,2026,2,18,Wednesday,Weekday
2026-02-19,2026,2,19,Thursday,Weekday
2026-02-20,2026,2,20,Friday,Weekday
2026-02-21,2026,2,21,Saturday,Weekend
2026-02-22,2026,2,22,Sunday,Weekend
2026-02-23,2026,2,23,Monday,Weekday
2026-02-24,2026,2,24,Tuesday,Weekday
2026-02-25,2026,2,25,Wednesday,Weekday
2026-02-26,2026,2,26,Thursday,Weekday
2026-02-27,2026,2,27,Friday,Weekday
2026-02-28,2026,2,28,Saturday,Weekend
2026-03-01,2026,3,1,Sunday,Weekend
2026-03-02,2026,3,2,Monday,Weekday
2026-03-03,2026,3,3,Tuesday,Weekday
2026-03-04,2026,3,4,Wednesday,Weekday
2026-03-05,2026,3,5,Thursday,Weekday
2026-03-06,2026,3,6,Friday,Weekday
2026-03-07,2026,3,7,Saturday,Weekend
2026-03-08,2026,3,8,Sunday,Weekend
2026-03-09,2026,3,9,Monday,Weekday
2026-03-10,2026,3,10,Tuesday,Weekday
2026-03-11,2026,3,11,Wednesday,Weekday
2026-03-12,2026,3,12,Thursday,Weekday
2026-03-13,2026,3,13,Friday,Weekday
2026-03-14,2026,3,14,Saturday,Weekend
2026-03-15,2026,3,15,Sunday,Weekend
2026-03-16,2026,3,16,Monday,Weekday
2026-03-17,2026,3,17,Tuesday,Weekday
2026-03-18,2026,3,18,Wednesday,Weekday
2026-03-19,2026,3,19,Thursday,Weekday
2026-03-20,2026,3,20,Friday,Weekday
2026-03-21,2026,3,21,Saturday,Weekend
2026-03-22,2026,3,22,Sunday,Weekend
2026-03-23,2026,3,23,Monday,Weekday
2026-03-24,2026,3,24,Tuesday,Weekday
2026-03-25,2026,3,25,Wednesday,Weekday
2026-03-26,2026,3,26,Thursday,Weekday
2026-03-27,2026,3,27,Friday,Weekday
2026-03-28,2026,3,28,Saturday,Weekend
2026-03-29,2026,3,29,Sunday,Weekend
2026-03-30,2026,3,30,Monday,Weekday
2026-03-31,2026,3,31,Tuesday,Weekday
2026-04-01,2026,4,1,Wednesday,Weekday
2026-04-02,2026,4,2,Thursday,Weekday
2026-04-03,2026,4,3,Friday,Weekday
2026-04-04,2026,4,4,Saturday,Weekend
2026-04-05,2026,4,5,Sunday,Weekend
2026-04-06,2026,4,6,Monday,Weekday
2026-04-07,2026,4,7,Tuesday,Weekday
2026-04-08,2026,4,8,Wednesday,Weekday
2026-04-09,2026,4,9,Thursday,Weekday
2026-04-10,2026,4,10,Friday,Weekday
2026-04-11,2026,4,11,Saturday,Weekend
2026-04-12,2026,4,12,Sunday,Weekend
2026-04-13,2026,4,13,Monday,Weekday
2026-04-14,2026,4,14,Tuesday,Weekday
2026-04-15,2026,4,15,Wednesday,Weekday
2026-04-16,2026,4,16,Thursday,Weekday
2026-04-17,2026,4,17,Friday,Weekday
2026-04-18,2026,4,18,Saturday,Weekend
2026-04-19,2026,4,19,Sunday,Weekend
2026-04-20,2026,4,20,Monday,Weekday
2026-04-21,2026,4,21,Tuesday,Weekday
2026-04-22,2026,4,22,Wednesday,Weekday
2026-04-23,2026,4,23,Thursday,Weekday
2026-04-24,2026,4,24,Friday,Weekday
2026-04-25,2026,4,25,Saturday,Weekend
2026-04-26,2026,4,26,Sunday,Weekend
2026-04-27,2026,4,27,Monday,Weekday
2026-04-28,2026,4,28,Tuesday,Weekday
2026-04-29,2026,4,29,Wednesday,Weekday
2026-04-30,2026,4,30,Thursday,Weekday
2026-05-01,2026,5,1,Friday,Weekday
2026-05-02,2026,5,2,Saturday,Weekend
2026-05-03,2026,5,3,Sunday,Weekend
2026-05-04,2026,5,4,Monday,Weekday
2026-05-05,2026,5,5,Tuesday,Weekday
2026-05-06,2026,5,6,Wednesday,Weekday
2026-05-07,2026,5,7,Thursday,Weekday
2026-05-08,2026,5,8,Friday,Weekday
2026-05-09,2026,5,9,Saturday,Weekend
2026-05-10,2026,5,10,Sunday,Weekend
2026-05-11,2026,5,11,Monday,Weekday
2026-05-12,2026,5,12,Tuesday,Weekday
2026-05-13,2026,5,13,Wednesday,Weekday
2026-05-14,2026,5,14,Thursday,Weekday
2026-05-15,2026,5,15,Friday,Weekday
2026-05-16,2026,5,16,Saturday,Weekend
2026-05-17,2026,5,17,Sunday,Weekend
2026-05-18,2026,5,18,Monday,Weekday
2026-05-19,2026,5,19,Tuesday,Weekday
2026-05-20,2026,5,20,Wednesday,Weekday
2026-05-21,2026,5,21,Thursday,Weekday
2026-05-22,2026,5,22,Friday,Weekday
2026-05-23,2026,5,23,Saturday,Weekend
2026-05-24,2026,5,24,Sunday,Weekend
2026-05-25,2026,5,25,Monday,Weekday
2026-05-26,2026,5,26,Tuesday,Weekday
2026-05-27,2026,5,27,Wednesday,Weekday
2026-05-28,2026,5,28,Thursday,Weekday
2026-05-29,2026,5,29,Friday,Weekday
2026-05-30,2026,5,30,Saturday,Weekend
2026-05-31,2026,5,31,Sunday,Weekend
2026-06-01,2026,6,1,Monday,Weekday
2026-06-02,2026,6,2,Tuesday,Weekday
2026-06-03,2026,6,3,Wednesday,Weekday
2026-06-04,2026,6,4,Thursday,Weekday
2026-06-05,2026,6,5,Friday,Weekday
2026-06-06,2026,6,6,Saturday,Weekend
2026-06-07,2026,6,7,Sunday,Weekend
2026-06-08,2026,6,8,Monday,Weekday
2026-06-09,2026,6,9,Tuesday,Weekday
2026-06-10,2026,6,10,Wednesday,Weekday
2026-06-11,2026,6,11,Thursday,Weekday
2026-06-12,2026,6,12,Friday,Weekday
2026-06-13,2026,6,13,Saturday,Weekend
2026-06-14,2026,6,14,Sunday,Weekend
2026-06-15,2026,6,15,Monday,Weekday
2026-06-16,2026,6,16,Tuesday,Weekday
2026-06-17,2026,6,17,Wednesday,Weekday
2026-06-18,2026,6,18,Thursday,Weekday
2026-06-19,2026,6,19,Friday,Weekday
2026-06-20,2026,6,20,Saturday,Weekend
2026-06-21,2026,6,21,Sunday,Weekend
2026-06-22,2026,6,22,Monday,Weekday
2026-06-23,2026,6,23,Tuesday,Weekday
2026-06-24,2026,6,24,Wednesday,Weekday
2026-06-25,2026,6,25,Thursday,Weekday
2026-06-26,2026,6,26,Friday,Weekday
2026-06-27,2026,6,27,Saturday,Weekend
2026-06-28,2026,6,28,Sunday,Weekend
2026-06-29,2026,6,29,Monday,Weekday
2026-06-30,2026,6,30,Tuesday,Weekday
2026-07-01,2026,7,1,Wednesday,Weekday
2026-07-02,2026,7,2,Thursday,Weekday
2026-07-03,2026,7,3,Friday,Weekday
2026-07-04,2026,7,4,Saturday,Weekend
2026-07-05,2026,7,5,Sunday,Weekend
2026-07-06,2026,7,6,Monday,Weekday
2026-07-07,2026,7,7,Tuesday,Weekday
2026-07-08,2026,7,8,Wednesday,Weekday
2026-07-09,2026,7,9,Thursday,Weekday
2026-07-10,2026,7,10,Friday,Weekday
2026-07-11,2026,7,11,Saturday,Weekend
2026-07-12,2026,7,12,Sunday,Weekend
2026-07-13,2026,7,13,Monday,Weekday
2026-07-14,2026,7,14,Tuesday,Weekday
2026-07-15,2026,7,15,Wednesday,Weekday
2026-07-16,2026,7,16,Thursday,Weekday
2026-07-17,2026,7,17,Friday,Weekday
2026-07-18,2026,7,18,Saturday,Weekend
2026-07-19,2026,7,19,Sunday,Weekend
2026-07-20,2026,7,20,Monday,Weekday
2026-07-21,2026,7,21,Tuesday,Weekday
2026-07-22,2026,7,22,Wednesday,Weekday
2026-07-23,2026,7,23,Thursday,Weekday
2026-07-24,2026,7,24,Friday,Weekday
2026-07-25,2026,7,25,Saturday,Weekend
2026-07-26,2026,7,26,Sunday,Weekend
2026-07-27,2026,7,27,Monday,Weekday
2026-07-28,2026,7,28,Tuesday,Weekday
2026-07-29,2026,7,29,Wednesday,Weekday
2026-07-30,2026,7,30,Thursday,Weekday
2026-07-31,2026,7,31,Friday,Weekday
2026-08-01,2026,8,1,Saturday,Weekend
2026-08-02,2026,8,2,Sunday,Weekend
2026-08-03,2026,8,3,Monday,Weekday
2026-08-04,2026,8,4,Tuesday,Weekday
2026-08-05,2026,8,5,Wednesday,Weekday
2026-08-06,2026,8,6,Thursday,Weekday
2026-08-07,2026,8,7,Friday,Weekday
2026-08-08,2026,8,8,Saturday,Weekend
2026-08-09,2026,8,9,Sunday,Weekend
2026-08-10,2026,8,10,Monday,Weekday
2026-08-11,2026,8,11,Tuesday,Weekday
2026-08-12,2026,8,12,Wednesday,Weekday
2026-08-13,2026,8,13,Thursday,Weekday
2026-08-14,2026,8,14,Friday,Weekday
2026-08-15,2026,8,15,Saturday,Weekend
2026-08-16,2026,8,16,Sunday,Weekend
2026-08-17,2026,8,17,Monday,Weekday
2026-08-18,2026,8,18,Tuesday,Weekday
2026-08-19,2026,8,19,Wednesday,Weekday
2026-08-20,2026,8,20,Thursday,Weekday
2026-08-21,2026,8,21,Friday,Weekday
2026-08-22,2026,8,22,Saturday,Weekend
2026-08-23,2026,8,23,Sunday,Weekend
2026-08-24,2026,8,24,Monday,Weekday
2026-08-25,2026,8,25,Tuesday,Weekday
2026-08-26,2026,8,26,Wednesday,Weekday
2026-08-27,2026,8,27,Thursday,Weekday
2026-08-28,2026,8,28,Friday,Weekday
2026-08-29,2026,8,29,Saturday,Weekend
2026-08-30,2026,8,30,Sunday,Weekend
2026-08-31,2026,8,31,Monday,Weekday
2026-09-01,2026,9,1,Tuesday,Weekday
2026-09-02,2026,9,2,Wednesday,Weekday
2026-09-03,2026,9,3,Thursday,Weekday
2026-09-04,2026,9,4,Friday,Weekday
2026-09-05,2026,9,5,Saturday,Weekend
2026-09-06,2026,9,6,Sunday,Weekend
2026-09-07,2026,9,7,Monday,Weekday
2026-09-08,2026,9,8,Tuesday,Weekday
2026-09-09,2026,9,9,Wednesday,Weekday
2026-09-10,2026,9,10,Thursday,Weekday
2026-09-11,2026,9,11,Friday,Weekday
2026-09-12,2026,9,12,Saturday,Weekend
2026-09-13,2026,9,13,Sunday,Weekend
2026-09-14,2026,9,14,Monday,Weekday
2026-09-15,2026,9,15,Tuesday,Weekday
2026-09-16,2026,9,16,Wednesday,Weekday
2026-09-17,2026,9,17,Thursday,Weekday
2026-09-18,2026,9,18,Friday,Weekday
2026-09-19,2026,9,19,Saturday,Weekend
2026-09-20,2026,9,20,Sunday,Weekend
2026-09-21,2026,9,21,Monday,Weekday
2026-09-22,2026,9,22,Tuesday,Weekday
2026-09-23,2026,9,23,Wednesday,Weekday
2026-09-24,2026,9,24,Thursday,Weekday
2026-09-25,2026,9,25,Friday,Weekday
2026-09-26,2026,9,26,Saturday,Weekend
2026-09-27,2026,9,27,Sunday,Weekend
2026-09-28,2026,9,28,Monday,Weekday
2026-09-29,2026,9,29,Tuesday,Weekday
2026-09-30,2026,9,30,Wednesday,Weekday
2026-10-01,2026,10,1,Thursday,Weekday
2026-10-02,2026,10,2,Friday,Weekday
2026-10-03,2026,10,3,Saturday,Weekend
2026-10-04,2026,10,4,Sunday,Weekend
2026-10-05,2026,10,5,Monday,Weekday
2026-10-06,2026,10,6,Tuesday,Weekday
2026-10-07,2026,10,7,Wednesday,Weekday
2026-10-08,2026,10,8,Thursday,Weekday
2026-10-09,2026,10,9,Friday,Weekday
2026-10-10,2026,10,10,Saturday,Weekend
2026-10-11,2026,10,11,Sunday,Weekend
2026-10-12,2026,10,12,Monday,Weekday
2026-10-13,2026,10,13,Tuesday,Weekday
2026-10-14,2026,10,14,Wednesday,Weekday
2026-10-15,2026,10,15,Thursday,Weekday
2026-10-16,2026,10,16,Friday,Weekday
2026-10-17,2026,10,17,Saturday,Weekend
2026-10-18,2026,10,18,Sunday,Weekend
2026-10-19,2026,10,19,Monday,Weekday
2026-10-20,2026,10,20,Tuesday,Weekday
2026-10-21,2026,10,21,Wednesday,Weekday
2026-10-22,2026,10,22,Thursday,Weekday
2026-10-23,2026,10,23,Friday,Weekday
2026-10-24,2026,10,24,Saturday,Weekend
2026-10-25,2026,10,25,Sunday,Weekend
2026-10-26,2026,10,26,Monday,Weekday
2026-10-27,2026,10,27,Tuesday,Weekday
2026-10-28,2026,10,28,Wednesday,Weekday
2026-10-29,2026,10,29,Thursday,Weekday
2026-10-30,2026,10,30,Friday,Weekday
2026-10-31,2026,10,31,Saturday,Weekend
2026-11-01,2026,11,1,Sunday,Weekend
2026-11-02,2026,11,2,Monday,Weekday
2026-11-03,2026,11,3,Tuesday,Weekday
2026-11-04,2026,11,4,Wednesday,Weekday
2026-11-05,2026,11,5,Thursday,Weekday
2026-11-06,2026,11,6,Friday,Weekday
2026-11-07,2026,11,7,Saturday,Weekend
2026-11-08,2026,11,8,Sunday,Weekend
2026-11-09,2026,11,9,Monday,Weekday
2026-11-10,2026,11,10,Tuesday,Weekday
2026-11-11,2026,11,11,Wednesday,Weekday
2026-11-12,2026,11,12,Thursday,Weekday
2026-11-13,2026,11,13,Friday,Weekday
2026-11-14,2026,11,14,Saturday,Weekend
2026-11-15,2026,11,15,Sunday,Weekend
2026-11-16,2026,11,16,Monday,Weekday
2026-11-17,2026,11,17,Tuesday,Weekday
2026-11-18,2026,11,18,Wednesday,Weekday
2026-11-19,2026,11,19,Thursday,Weekday
2026-11-20,2026,11,20,Friday,Weekday
2026-11-21,2026,11,21,Saturday,Weekend
2026-11-22,2026,11,22,Sunday,Weekend
2026-11-23,2026,11,23,Monday,Weekday
2026-11-24,2026,11,24,Tuesday,Weekday
2026-11-25,2026,11,25,Wednesday,Weekday
2026-11-26,2026,11,26,Thursday,Weekday
2026-11-27,2026,11,27,Friday,Weekday
2026-11-28,2026,11,28,Saturday,Weekend
2026-11-29,2026,11,29,Sunday,Weekend
2026-11-30,2026,11,30,Monday,Weekday
2026-12-01,2026,12,1,Tuesday,Weekday
2026-12-02,2026,12,2,Wednesday,Weekday
2026-12-03,2026,12,3,Thursday,Weekday
2026-12-04,2026,12,4,Friday,Weekday
2026-12-05,2026,12,5,Saturday,Weekend
2026-12-06,2026,12,6,Sunday,Weekend
2026-12-07,2026,12,7,Monday,Weekday
2026-12-08,2026,12,8,Tuesday,Weekday
2026-12-09,2026,12,9,Wednesday,Weekday
2026-12-10,2026,12,10,Thursday,Weekday
2026-12-11,2026,12,11,Friday,Weekday
2026-12-12,2026,12,12,Saturday,Weekend
2026-12-13,2026,12,13,Sunday,Weekend
2026-12-14,2026,12,14,Monday,Weekday
2026-12-15,2026,12,15,Tuesday,Weekday
2026-12-16,2026,12,16,Wednesday,Weekday
2026-12-17,2026,12,17,Thursday,Weekday
2026-12-18,2026,12,18,Friday,Weekday
2026-12-19,2026,12,19,Saturday,Weekend
2026-12-20,2026,12,20,Sunday,Weekend
2026-12-21,2026,12,21,Monday,Weekday
2026-12-22,2026,12,22,Tuesday,Weekday
2026-12-23,2026,12,23,Wednesday,Weekday
2026-12-24,2026,12,24,Thursday,Weekday
2026-12-25,2026,12,25,Friday,Weekday
2026-12-26,2026,12,26,Saturday,Weekend
2026-12-27,2026,12,27,Sunday,Weekend
2026-12-28,2026,12,28,Monday,Weekday
2026-12-29,2026,12,29,Tuesday,Weekday
2026-12-30,2026,12,30,Wednesday,Weekday
2026-12-31,2026,12,31,Thursday,Weekday
2027-01-01,2027,1,1,Friday,Weekday
2027-01-02,2027,1,2,Saturday,Weekend
2027-01-03,2027,1,3,Sunday,Weekend
2027-01-04,2027,1,4,Monday,Weekday
2027-01-05,2027,1,5,Tuesday,Weekday
2027-01-06,2027,1,6,Wednesday,Weekday
2027-01-07,2027,1,7,Thursday,Weekday
2027-01-08,2027,1,8,Friday,Weekday
2027-01-09,2027,1,9,Saturday,Weekend
2027-01-10,2027,1,10,Sunday,Weekend
2027-01-11,2027,1,11,Monday,Weekday
2027-01-12,2027,1,12,Tuesday,Weekday
2027-01-13,2027,1,13,Wednesday,Weekday
2027-01-14,2027,1,14,Thursday,Weekday
2027-01-15,2027,1,15,Friday,Weekday
2027-01-16,2027,1,16,Saturday,Weekend
2027-01-17,2027,1,17,Sunday,Weekend
2027-01-18,2027,1,18,Monday,Weekday
2027-01-19,2027,1,19,Tuesday,Weekday
2027-01-20,2027,1,20,Wednesday,Weekday
2027-01-21,2027,1,21,Thursday,Weekday
2027-01-22,2027,1,22,Friday,Weekday
2027-01-23,2027,1,23,Saturday,Weekend
2027-01-24,2027,1,24,Sunday,Weekend
2027-01-25,2027,1,25,Monday,Weekday
2027-01-26,2027,1,26,Tuesday,Weekday
2027-01-27,2027,1,27,Wednesday,Weekday
2027-01-28,2027,1,28,Thursday,Weekday
2027-01-29,2027,1,29,Friday,Weekday
2027-01-30,2027,1,30,Saturday,Weekend
2027-01-31,2027,1,31,Sunday,Weekend
2027-02-01,2027,2,1,Monday,Weekday
2027-02-02,2027,2,2,Tuesday,Weekday
2027-02-03,2027,2,3,Wednesday,Weekday
2027-02-04,2027,2,4,Thursday,Weekday
2027-02-05,2027,2,5,Friday,Weekday
2027-02-06,2027,2,6,Saturday,Weekend
2027-02-07,2027,2,7,Sunday,Weekend
2027-02-08,2027,2,8,Monday,Weekday
2027-02-09,2027,2,9,Tuesday,Weekday
2027-02-10,2027,2,10,Wednesday,Weekday
2027-02-11,2027,2,11,Thursday,Weekday
2027-02-12,2027,2,12,Friday,Weekday
2027-02-13,2027,2,13,Saturday,Weekend
2027-02-14,2027,2,14,Sunday,Weekend
2027-02-15,2027,2,15,Monday,Weekday
2027-02-16,2027,2,16,Tuesday,Weekday
2027-02-17,2027,2,17,Wednesday,Weekday
2027-02-18,2027,2,18,Thursday,Weekday
2027-02-19,2027,2,19,Friday,Weekday
2027-02-20,2027,2,20,Saturday,Weekend
2027-02-21,2027,2,21,Sunday,Weekend
2027-02-22,2027,2,22,Monday,Weekday
2027-02-23,2027,2,23,Tuesday,Weekday
2027-02-24,2027,2,24,Wednesday,Weekday
2027-02-25,2027,2,25,Thursday,Weekday
2027-02-26,2027,2,26,Friday,Weekday
2027-02-27,2027,2,27,Saturday,Weekend
2027-02-28,2027,2,28,Sunday,Weekend
2027-03-01,2027,3,1,Monday,Weekday
2027-03-02,2027,3,2,Tuesday,Weekday
2027-03-03,2027,3,3,Wednesday,Weekday
2027-03-04,2027,3,4,Thursday,Weekday
2027-03-05,2027,3,5,Friday,Weekday
2027-03-06,2027,3,6,Saturday,Weekend
2027-03-07,2027,3,7,Sunday,Weekend
2027-03-08,2027,3,8,Monday,Weekday
2027-03-09,2027,3,9,Tuesday,Weekday
2027-03-10,2027,3,10,Wednesday,Weekday
2027-03-11,2027,3,11,Thursday,Weekday
2027-03-12,2027,3,12,Friday,Weekday
2027-03-13,2027,3,13,Saturday,Weekend
2027-03-14,2027,3,14,Sunday,Weekend
2027-03-15,2027,3,15,Monday,Weekday
2027-03-16,2027,3,16,Tuesday,Weekday
2027-03-17,2027,3,17,Wednesday,Weekday
2027-03-18,2027,3,18,Thursday,Weekday
2027-03-19,2027,3,19,Friday,Weekday
2027-03-20,2027,3,20,Saturday,Weekend
2027-03-21,2027,3,21,Sunday,Weekend
2027-03-22,2027,3,22,Monday,Weekday
2027-03-23,2027,3,23,Tuesday,Weekday
2027-03-24,2027,3,24,Wednesday,Weekday
2027-03-25,2027,3,25,Thursday,Weekday
2027-03-26,2027,3,26,Friday,Weekday
2027-03-27,2027,3,27,Saturday,Weekend
2027-03-28,2027,3,28,Sunday,Weekend
2027-03-29,2027,3,29,Monday,Weekday
2027-03-30,2027,3,30,Tuesday,Weekday
2027-03-31,2027,3,31,Wednesday,Weekday
2027-04-01,2027,4,1,Thursday,Weekday
2027-04-02,2027,4,2,Friday,Weekday
2027-04-03,2027,4,3,Saturday,Weekend
2027-04-04,2027,4,4,Sunday,Weekend
2027-04-05,2027,4,5,Monday,Weekday
2027-04-06,2027,4,6,Tuesday,Weekday
2027-04-07,2027,4,7,Wednesday,Weekday
2027-04-08,2027,4,8,Thursday,Weekday
2027-04-09,2027,4,9,Friday,Weekday
2027-04-10,2027,4,10,Saturday,Weekend
2027-04-11,2027,4,11,Sunday,Weekend
2027-04-12,2027,4,12,Monday,Weekday
2027-04-13,2027,4,13,Tuesday,Weekday
2027-04-14,2027,4,14,Wednesday,Weekday
2027-04-15,2027,4,15,Thursday,Weekday
2027-04-16,2027,4,16,Friday,Weekday
2027-04-17,2027,4,17,Saturday,Weekend
2027-04-18,2027,4,18,Sunday,Weekend
2027-04-19,2027,4,19,Monday,Weekday
2027-04-20,2027,4,20,Tuesday,Weekday
2027-04-21,2027,4,21,Wednesday,Weekday
2027-04-22,2027,4,22,Thursday,Weekday
2027-04-23,2027,4,23,Friday,Weekday
2027-04-24,2027,4,24,Saturday,Weekend
2027-04-25,2027,4,25,Sunday,Weekend
2027-04-26,2027,4,26,Monday,Weekday
2027-04-27,2027,4,27,Tuesday,Weekday
2027-04-28,2027,4,28,Wednesday,Weekday
2027-04-29,2027,4,29,Thursday,Weekday
2027-04-30,2027,4,30,Friday,Weekday
2027-05-01,2027,5,1,Saturday,Weekend
2027-05-02,2027,5,2,Sunday,Weekend
2027-05-03,2027,5,3,Monday,Weekday
2027-05-04,2027,5,4,Tuesday,Weekday
2027-05-05,2027,5,5,Wednesday,Weekday
2027-05-06,2027,5,6,Thursday,Weekday
2027-05-07,2027,5,7,Friday,Weekday
2027-05-08,2027,5,8,Saturday,Weekend
2027-05-09,2027,5,9,Sunday,Weekend
2027-05-10,2027,5,10,Monday,Weekday
2027-05-11,2027,5,11,Tuesday,Weekday
2027-05-12,2027,5,12,Wednesday,Weekday
2027-05-13,2027,5,13,Thursday,Weekday
2027-05-14,2027,5,14,Friday,Weekday
2027-05-15,2027,5,15,Saturday,Weekend
2027-05-16,2027,5,16,Sunday,Weekend
2027-05-17,2027,5,17,Monday,Weekday
2027-05-18,2027,5,18,Tuesday,Weekday
2027-05-19,2027,5,19,Wednesday,Weekday
2027-05-20,2027,5,20,Thursday,Weekday
2027-05-21,2027,5,21,Friday,Weekday
2027-05-22,2027,5,22,Saturday,Weekend
2027-05-23,2027,5,23,Sunday,Weekend
2027-05-24,2027,5,24,Monday,Weekday
2027-05-25,2027,5,25,Tuesday,Weekday
2027-05-26,2027,5,26,Wednesday,Weekday
2027-05-27,2027,5,27,Thursday,Weekday
2027-05-28,2027,5,28,Friday,Weekday
2027-05-29,2027,5,29,Saturday,Weekend
2027-05-30,2027,5,30,Sunday,Weekend
2027-05-31,2027,5,31,Monday,Weekday
2027-06-01,2027,6,1,Tuesday,Weekday
2027-06-02,2027,6,2,Wednesday,Weekday
2027-06-03,2027,6,3,Thursday,Weekday
2027-06-04,2027,6,4,Friday,Weekday
2027-06-05,2027,6,5,Saturday,Weekend
2027-06-06,2027,6,6,Sunday,Weekend
2027-06-07,2027,6,7,Monday,Weekday
2027-06-08,2027,6,8,Tuesday,Weekday
2027-06-09,2027,6,9,Wednesday,Weekday
2027-06-10,2027,6,10,Thursday,Weekday
2027-06-11,2027,6,11,Friday,Weekday
2027-06-12,2027,6,12,Saturday,Weekend
2027-06-13,2027,6,13,Sunday,Weekend
2027-06-14,2027,6,14,Monday,Weekday
2027-06-15,2027,6,15,Tuesday,Weekday
2027-06-16,2027,6,16,Wednesday,Weekday
2027-06-17,2027,6,17,Thursday,Weekday
2027-06-18,2027,6,18,Friday,Weekday
2027-06-19,2027,6,19,Saturday,Weekend
2027-06-20,2027,6,20,Sunday,Weekend
2027-06-21,2027,6,21,Monday,Weekday
2027-06-22,2027,6,22,Tuesday,Weekday
2027-06-23,2027,6,23,Wednesday,Weekday
2027-06-24,2027,6,24,Thursday,Weekday
2027-06-25,2027,6,25,Friday,Weekday
2027-06-26,2027,6,26,Saturday,Weekend
2027-06-27,2027,6,27,Sunday,Weekend
2027-06-28,2027,6,28,Monday,Weekday
2027-06-29,2027,6,29,Tuesday,Weekday
2027-06-30,2027,6,30,Wednesday,Weekday
2027-07-01,2027,7,1,Thursday,Weekday
2027-07-02,2027,7,2,Friday,Weekday
2027-07-03,2027,7,3,Saturday,Weekend
2027-07-04,2027,7,4,Sunday,Weekend
2027-07-05,2027,7,5,Monday,Weekday
2027-07-06,2027,7,6,Tuesday,Weekday
2027-07-07,2027,7,7,Wednesday,Weekday
2027-07-08,2027,7,8,Thursday,Weekday
2027-07-09,2027,7,9,Friday,Weekday
2027-07-10,2027,7,10,Saturday,Weekend
2027-07-11,2027,7,11,Sunday,Weekend
2027-07-12,2027,7,12,Monday,Weekday
2027-07-13,2027,7,13,Tuesday,Weekday
2027-07-14,2027,7,14,Wednesday,Weekday
2027-07-15,2027,7,15,Thursday,Weekday
2027-07-16,2027,7,16,Friday,Weekday
2027-07-17,2027,7,17,Saturday,Weekend
2027-07-18,2027,7,18,Sunday,Weekend
2027-07-19,2027,7,19,Monday,Weekday
2027-07-20,2027,7,20,Tuesday,Weekday
2027-07-21,2027,7,21,Wednesday,Weekday
2027-07-22,2027,7,22,Thursday,Weekday
2027-07-23,2027,7,23,Friday,Weekday
2027-07-24,2027,7,24,Saturday,Weekend
2027-07-25,2027,7,25,Sunday,Weekend
2027-07-26,2027,7,26,Monday,Weekday
2027-07-27,2027,7,27,Tuesday,Weekday
2027-07-28,2027,7,28,Wednesday,Weekday
2027-07-29,2027,7,29,Thursday,Weekday
2027-07-30,2027,7,30,Friday,Weekday
2027-07-31,2027,7,31,Saturday,Weekend
2027-08-01,2027,8,1,Sunday,Weekend
2027-08-02,2027,8,2,Monday,Weekday
2027-08-03,2027,8,3,Tuesday,Weekday
2027-08-04,2027,8,4,Wednesday,Weekday
2027-08-05,2027,8,5,Thursday,Weekday
2027-08-06,2027,8,6,Friday,Weekday
2027-08-07,2027,8,7,Saturday,Weekend
2027-08-08,2027,8,8,Sunday,Weekend
2027-08-09,2027,8,9,Monday,Weekday
2027-08-10,2027,8,10,Tuesday,Weekday
2027-08-11,2027,8,11,Wednesday,Weekday
2027-08-12,2027,8,12,Thursday,Weekday
2027-08-13,2027,8,13,Friday,Weekday
2027-08-14,2027,8,14,Saturday,Weekend
2027-08-15,2027,8,15,Sunday,Weekend
2027-08-16,2027,8,16,Monday,Weekday
2027-08-17,2027,8,17,Tuesday,Weekday
2027-08-18,2027,8,18,Wednesday,Weekday
2027-08-19,2027,8,19,Thursday,Weekday
2027-08-20,2027,8,20,Friday,Weekday
2027-08-21,2027,8,21,Saturday,Weekend
2027-08-22,2027,8,22,Sunday,Weekend
2027-08-23,2027,8,23,Monday,Weekday
2027-08-24,2027,8,24,Tuesday,Weekday
2027-08-25,2027,8,25,Wednesday,Weekday
2027-08-26,2027,8,26,Thursday,Weekday
2027-08-27,2027,8,27,Friday,Weekday
2027-08-28,2027,8,28,Saturday,Weekend
2027-08-29,2027,8,29,Sunday,Weekend
2027-08-30,2027,8,30,Monday,Weekday
2027-08-31,2027,8,31,Tuesday,Weekday
2027-09-01,2027,9,1,Wednesday,Weekday
2027-09-02,2027,9,2,Thursday,Weekday
2027-09-03,2027,9,3,Friday,Weekday
2027-09-04,2027,9,4,Saturday,Weekend
2027-09-05,2027,9,5,Sunday,Weekend
2027-09-06,2027,9,6,Monday,Weekday
2027-09-07,2027,9,7,Tuesday,Weekday
2027-09-08,2027,9,8,Wednesday,Weekday
2027-09-09,2027,9,9,Thursday,Weekday
2027-09-10,2027,9,10,Friday,Weekday
2027-09-11,2027,9,11,Saturday,Weekend
2027-09-12,2027,9,12,Sunday,Weekend
2027-09-13,2027,9,13,Monday,Weekday
2027-09-14,2027,9,14,Tuesday,Weekday
2027-09-15,2027,9,15,Wednesday,Weekday
2027-09-16,2027,9,16,Thursday,Weekday
2027-09-17,2027,9,17,Friday,Weekday
2027-09-18,2027,9,18,Saturday,Weekend
2027-09-19,2027,9,19,Sunday,Weekend
2027-09-20,2027,9,20,Monday,Weekday
2027-09-21,2027,9,21,Tuesday,Weekday
2027-09-22,2027,9,22,Wednesday,Weekday
2027-09-23,2027,9,23,Thursday,Weekday
2027-09-24,2027,9,24,Friday,Weekday
2027-09-25,2027,9,25,Saturday,Weekend
2027-09-26,2027,9,26,Sunday,Weekend
2027-09-27,2027,9,27,Monday,Weekday
2027-09-28,2027,9,28,Tuesday,Weekday
2027-09-29,2027,9,29,Wednesday,Weekday
2027-09-30,2027,9,30,Thursday,Weekday
2027-10-01,2027,10,1,Friday,Weekday
2027-10-02,2027,10,2,Saturday,Weekend
2027-10-03,2027,10,3,Sunday,Weekend
2027-10-04,2027,10,4,Monday,Weekday
2027-10-05,2027,10,5,Tuesday,Weekday
2027-10-06,2027,10,6,Wednesday,Weekday
2027-10-07,2027,10,7,Thursday,Weekday
2027-10-08,2027,10,8,Friday,Weekday
2027-10-09,2027,10,9,Saturday,Weekend
2027-10-10,2027,10,10,Sunday,Weekend
2027-10-11,2027,10,11,Monday,Weekday
2027-10-12,2027,10,12,Tuesday,Weekday
2027-10-13,2027,10,13,Wednesday,Weekday
2027-10-14,2027,10,14,Thursday,Weekday
2027-10-15,2027,10,15,Friday,Weekday
2027-10-16,2027,10,16,Saturday,Weekend
2027-10-17,2027,10,17,Sunday,Weekend
2027-10-18,2027,10,18,Monday,Weekday
2027-10-19,2027,10,19,Tuesday,Weekday
2027-10-20,2027,10,20,Wednesday,Weekday
2027-10-21,2027,10,21,Thursday,Weekday
2027-10-22,2027,10,22,Friday,Weekday
2027-10-23,2027,10,23,Saturday,Weekend
2027-10-24,2027,10,24,Sunday,Weekend
2027-10-25,2027,10,25,Monday,Weekday
2027-10-26,2027,10,26,Tuesday,Weekday
2027-10-27,2027,10,27,Wednesday,Weekday
2027-10-28,2027,10,28,Thursday,Weekday
2027-10-29,2027,10,29,Friday,Weekday
2027-10-30,2027,10,30,Saturday,Weekend
2027-10-31,2027,10,31,Sunday,Weekend
2027-11-01,2027,11,1,Monday,Weekday
2027-11-02,2027,11,2,Tuesday,Weekday
2027-11-03,2027,11,3,Wednesday,Weekday
2027-11-04,2027,11,4,Thursday,Weekday
2027-11-05,2027,11,5,Friday,Weekday
2027-11-06,2027,11,6,Saturday,Weekend
2027-11-07,2027,11,7,Sunday,Weekend
2027-11-08,2027,11,8,Monday,Weekday
2027-11-09,2027,11,9,Tuesday,Weekday
2027-11-10,2027,11,10,Wednesday,Weekday
2027-11-11,2027,11,11,Thursday,Weekday
2027-11-12,2027,11,12,Friday,Weekday
2027-11-13,2027,11,13,Saturday,Weekend
2027-11-14,2027,11,14,Sunday,Weekend
2027-11-15,2027,11,15,Monday,Weekday
2027-11-16,2027,11,16,Tuesday,Weekday
2027-11-17,2027,11,17,Wednesday,Weekday
2027-11-18,2027,11,18,Thursday,Weekday
2027-11-19,2027,11,19,Friday,Weekday
2027-11-20,2027,11,20,Saturday,Weekend
2027-11-21,2027,11,21,Sunday,Weekend
2027-11-22,2027,11,22,Monday,Weekday
2027-11-23,2027,11,23,Tuesday,Weekday
2027-11-24,2027,11,24,Wednesday,Weekday
2027-11-25,2027,11,25,Thursday,Weekday
2027-11-26,2027,11,26,Friday,Weekday
2027-11-27,2027,11,27,Saturday,Weekend
2027-11-28,2027,11,28,Sunday,Weekend
2027-11-29,2027,11,29,Monday,Weekday
2027-11-30,2027,11,30,Tuesday,Weekday
2027-12-01,2027,12,1,Wednesday,Weekday
2027-12-02,2027,12,2,Thursday,Weekday
2027-12-03,2027,12,3,Friday,Weekday
2027-12-04,2027,12,4,Saturday,Weekend
2027-12-05,2027,12,5,Sunday,Weekend
2027-12-06,2027,12,6,Monday,Weekday
2027-12-07,2027,12,7,Tuesday,Weekday
2027-12-08,2027,12,8,Wednesday,Weekday
2027-12-09,2027,12,9,Thursday,Weekday
2027-12-10,2027,12,10,Friday,Weekday
2027-12-11,2027,12,11,Saturday,Weekend
2027-12-12,2027,12,12,Sunday,Weekend
2027-12-13,2027,12,13,Monday,Weekday
2027-12-14,2027,12,14,Tuesday,Weekday
2027-12-15,2027,12,15,Wednesday,Weekday
2027-12-16,2027,12,16,Thursday,Weekday
2027-12-17,2027,12,17,Friday,Weekday
2027-12-18,2027,12,18,Saturday,Weekend
2027-12-19,2027,12,19,Sunday,Weekend
2027-12-20,2027,12,20,Monday,Weekday
2027-12-21,2027,12,21,Tuesday,Weekday
2027-12-22,2027,12,22,Wednesday,Weekday
2027-12-23,2027,12,23,Thursday,Weekday
2027-12-24,2027,12,24,Friday,Weekday
2027-12-25,2027,12,25,Saturday,Weekend
2027-12-26,2027,12,26,Sunday,Weekend
2027-12-27,2027,12,27,Monday,Weekday
2027-12-28,2027,12,28,Tuesday,Weekday
2027-12-29,2027,12,29,Wednesday,Weekday
2027-12-30,2027,12,30,Thursday,Weekday
2027-12-31,2027,12,31,Friday,Weekday
2028-01-01,2028,1,1,Saturday,Weekend
2028-01-02,2028,1,2,Sunday,Weekend
2028-01-03,2028,1,3,Monday,Weekday
2028-01-04,2028,1,4,Tuesday,Weekday
2028-01-05,2028,1,5,Wednesday,Weekday
2028-01-06,2028,1,6,Thursday,Weekday
2028-01-07,2028,1,7,Friday,Weekday
2028-01-08,2028,1,8,Saturday,Weekend
2028-01-09,2028,1,9,Sunday,Weekend
2028-01-10,2028,1,10,Monday,Weekday
2028-01-11,2028,1,11,Tuesday,Weekday
2028-01-12,2028,1,12,Wednesday,Weekday
2028-01-13,2028,1,13,Thursday,Weekday
2028-01-14,2028,1,14,Friday,Weekday
2028-01-15,2028,1,15,Saturday,Weekend
2028-01-16,2028,1,16,Sunday,Weekend
2028-01-17,2028,1,17,Monday,Weekday
2028-01-18,2028,1,18,Tuesday,Weekday
2028-01-19,2028,1,19,Wednesday,Weekday
2028-01-20,2028,1,20,Thursday,Weekday
2028-01-21,2028,1,21,Friday,Weekday
2028-01-22,2028,1,22,Saturday,Weekend
2028-01-23,2028,1,23,Sunday,Weekend
2028-01-24,2028,1,24,Monday,Weekday
2028-01-25,2028,1,25,Tuesday,Weekday
2028-01-26,2028,1,26,Wednesday,Weekday
2028-01-27,2028,1,27,Thursday,Weekday
2028-01-28,2028,1,28,Friday,Weekday
2028-01-29,2028,1,29,Saturday,Weekend
2028-01-30,2028,1,30,Sunday,Weekend
2028-01-31,2028,1,31,Monday,Weekday
2028-02-01,2028,2,1,Tuesday,Weekday
2028-02-02,2028,2,2,Wednesday,Weekday
2028-02-03,2028,2,3,Thursday,Weekday
2028-02-04,2028,2,4,Friday,Weekday
2028-02-05,2028,2,5,Saturday,Weekend
2028-02-06,2028,2,6,Sunday,Weekend
2028-02-07,2028,2,7,Monday,Weekday
2028-02-08,2028,2,8,Tuesday,Weekday
2028-02-09,2028,2,9,Wednesday,Weekday
2028-02-10,2028,2,10,Thursday,Weekday
2028-02-11,2028,2,11,Friday,Weekday
2028-02-12,2028,2,12,Saturday,Weekend
2028-02-13,2028,2,13,Sunday,Weekend
2028-02-14,2028,2,14,Monday,Weekday
2028-02-15,2028,2,15,Tuesday,Weekday
2028-02-16,2028,2,16,Wednesday,Weekday
2028-02-17,2028,2,17,Thursday,Weekday
2028-02-18,2028,2,18,Friday,Weekday
2028-02-19,2028,2,19,Saturday,Weekend
2028-02-20,2028,2,20,Sunday,Weekend
2028-02-21,2028,2,21,Monday,Weekday
2028-02-22,2028,2,22,Tuesday,Weekday
2028-02-23,2028,2,23,Wednesday,Weekday
2028-02-24,2028,2,24,Thursday,Weekday
2028-02-25,2028,2,25,Friday,Weekday
2028-02-26,2028,2,26,Saturday,Weekend
2028-02-27,2028,2,27,Sunday,Weekend
2028-02-28,2028,2,28,Monday,Weekday
2028-02-29,2028,2,29,Tuesday,Weekday
2028-03-01,2028,3,1,Wednesday,Weekday
2028-03-02,2028,3,2,Thursday,Weekday
2028-03-03,2028,3,3,Friday,Weekday
2028-03-04,2028,3,4,Saturday,Weekend
2028-03-05,2028,3,5,Sunday,Weekend
2028-03-06,2028,3,6,Monday,Weekday
2028-03-07,2028,3,7,Tuesday,Weekday
2028-03-08,2028,3,8,Wednesday,Weekday
2028-03-09,2028,3,9,Thursday,Weekday
2028-03-10,2028,3,10,Friday,Weekday
2028-03-11,2028,3,11,Saturday,Weekend
2028-03-12,2028,3,12,Sunday,Weekend
2028-03-13,2028,3,13,Monday,Weekday
2028-03-14,2028,3,14,Tuesday,Weekday
2028-03-15,2028,3,15,Wednesday,Weekday
2028-03-16,2028,3,16,Thursday,Weekday
2028-03-17,2028,3,17,Friday,Weekday
2028-03-18,2028,3,18,Saturday,Weekend
2028-03-19,2028,3,19,Sunday,Weekend
2028-03-20,2028,3,20,Monday,Weekday
2028-03-21,2028,3,21,Tuesday,Weekday
2028-03-22,2028,3,22,Wednesday,Weekday
2028-03-23,2028,3,23,Thursday,Weekday
2028-03-24,2028,3,24,Friday,Weekday
2028-03-25,2028,3,25,Saturday,Weekend
2028-03-26,2028,3,26,Sunday,Weekend
2028-03-27,2028,3,27,Monday,Weekday
2028-03-28,2028,3,28,Tuesday,Weekday
2028-03-29,2028,3,29,Wednesday,Weekday
2028-03-30,2028,3,30,Thursday,Weekday
2028-03-31,2028,3,31,Friday,Weekday
